gamecode,jornada,date,live,player_id,is_starter,is_playing,team,dorsal,player,jugador,minutes,points,field_goals_made2,field_goals_attempted2,field_goals_made3,field_goals_attempted3,free_throws_made,free_throws_attempted,offensive_rebounds,defensive_rebounds,total_rebounds,assistances,steals,turnovers,blocks_favour,blocks_against,fouls_commited,fouls_received,valuation,plusminus,team_name,opp_team_name
3,1,2026-09-24 16:00:00,FALSE,P015151,0,1,HTA,0,"TOPPIN, JACOB",Jacob Toppin,23:15,11,4,5,1,1,0,0,2,1,3,0,2,0,1,0,2,0,14,2,HAPOEL IBI TEL AVIV,FC BAYERN MUNICH
3,1,2026-09-24 16:00:00,FALSE,P015152,0,0,HTA,1,"GERMAN, EUGENE",Eugene German,13:19,8,1,3,2,4,0,0,0,0,0,0,0,1,0,0,1,0,2,-2,HAPOEL IBI TEL AVIV,FC BAYERN MUNICH
3,1,2026-09-24 16:00:00,FALSE,P013402,0,1,HTA,2,"BLAKENEY, ANTONIO",Antonio Blakeney,27:21,11,2,4,2,8,1,1,0,2,2,2,0,1,0,0,1,2,7,1,HAPOEL IBI TEL AVIV,FC BAYERN MUNICH
3,1,2026-09-24 16:00:00,FALSE,P009846,1,1,HTA,3,"BRYANT, ELIJAH",Elijah Bryant,29:11,10,4,5,0,4,2,2,0,2,2,3,0,2,0,0,2,7,13,1,HAPOEL IBI TEL AVIV,FC BAYERN MUNICH
3,1,2026-09-24 16:00:00,FALSE,P004846,0,0,HTA,10,"TIMOR, BAR",Bar Timor,DNP,0,0,0,0,0,0,0,0,0,0,0,0,0,0,0,0,0,0,0,HAPOEL IBI TEL AVIV,FC BAYERN MUNICH
3,1,2026-09-24 16:00:00,FALSE,P013284,1,0,HTA,12,"WAINRIGHT, ISH",Ish Wainright,16:45,2,1,3,0,2,0,0,2,2,4,1,2,2,1,0,1,1,4,-4,HAPOEL IBI TEL AVIV,FC BAYERN MUNICH
3,1,2026-09-24 16:00:00,FALSE,P002939,0,0,HTA,13,"SATORANSKY, TOMAS",Tomas Satoransky,15:55,0,0,1,0,0,0,0,0,2,2,1,0,1,0,0,1,0,0,-15,HAPOEL IBI TEL AVIV,FC BAYERN MUNICH
3,1,2026-09-24 16:00:00,FALSE,P008987,1,0,HTA,16,"LEDAY, ZACH",Zach Leday,12:26,8,1,3,1,2,3,3,1,3,4,0,0,0,0,0,0,4,13,-3,HAPOEL IBI TEL AVIV,FC BAYERN MUNICH
3,1,2026-09-24 16:00:00,FALSE,P011823,0,0,HTA,21,"ODIASE, TAI",Tai Odiase,06:24,0,0,0,0,0,0,0,0,1,1,0,1,1,0,0,2,2,1,4,HAPOEL IBI TEL AVIV,FC BAYERN MUNICH
3,1,2026-09-24 16:00:00,FALSE,P002580,1,1,HTA,22,"MICIC, VASILIJE",Vasilije Micic,26:20,14,2,8,1,5,7,7,0,2,2,3,0,3,0,1,4,5,6,6,HAPOEL IBI TEL AVIV,FC BAYERN MUNICH
3,1,2026-09-24 16:00:00,FALSE,P012788,1,1,HTA,25,"OTURU, DAN",Dan Oturu,29:04,20,10,11,0,0,0,0,5,7,12,3,2,3,2,0,4,1,32,0,HAPOEL IBI TEL AVIV,FC BAYERN MUNICH
3,1,2026-09-24 16:00:00,FALSE,P012096,0,0,HTA,51,"CABOCLO, BRUNO",Bruno Caboclo,DNP,0,0,0,0,0,0,0,0,0,0,0,0,0,0,0,0,0,0,0,HAPOEL IBI TEL AVIV,FC BAYERN MUNICH
3,1,2026-09-24 16:00:00,FALSE,P014134,1,1,MUN,0,"NORRIS, MILES",Miles Norris,21:52,4,2,2,0,2,0,0,2,2,4,0,1,3,1,0,3,0,2,4,FC BAYERN MUNICH,HAPOEL IBI TEL AVIV
3,1,2026-09-24 16:00:00,FALSE,P011244,0,0,MUN,1,"DA SILVA, OSCAR",Oscar Da Silva,09:13,0,0,0,0,1,0,0,0,0,0,1,0,0,0,0,0,1,1,-6,FC BAYERN MUNICH,HAPOEL IBI TEL AVIV
3,1,2026-09-24 16:00:00,FALSE,P014732,1,1,MUN,3,"BEAUCHAMP, MARJON",Marjon Beauchamp,21:43,8,1,6,2,3,0,0,0,3,3,2,3,2,0,1,3,1,5,9,FC BAYERN MUNICH,HAPOEL IBI TEL AVIV
3,1,2026-09-24 16:00:00,FALSE,P007201,0,1,MUN,7,"VOIGTMANN, JOHANNES",Johannes Voigtmann,19:04,10,1,1,2,3,2,2,2,3,5,3,0,0,0,0,1,1,17,7,FC BAYERN MUNICH,HAPOEL IBI TEL AVIV
3,1,2026-09-24 16:00:00,FALSE,P010726,0,1,MUN,8,"JENSEN, TOBIAS",Tobias Jensen,16:00,5,1,2,0,1,3,3,1,0,1,1,2,2,0,0,1,2,6,12,FC BAYERN MUNICH,HAPOEL IBI TEL AVIV
3,1,2026-09-24 16:00:00,FALSE,P013290,0,0,MUN,10,"JESSUP, JUSTINIAN",Justinian Jessup,15:21,11,2,3,2,4,1,1,0,0,0,0,1,0,0,1,0,1,9,-4,FC BAYERN MUNICH,HAPOEL IBI TEL AVIV
3,1,2026-09-24 16:00:00,FALSE,P001288,0,0,MUN,11,"LUCIC, VLADIMIR",Vladimir Lucic,10:34,0,0,1,0,0,0,0,0,1,1,1,0,0,0,0,1,1,1,-8,FC BAYERN MUNICH,HAPOEL IBI TEL AVIV
3,1,2026-09-24 16:00:00,FALSE,P004508,1,0,MUN,13,"OBST, ANDREAS",Andreas Obst,27:48,19,4,5,3,6,2,3,0,2,2,2,0,0,0,0,2,3,19,6,FC BAYERN MUNICH,HAPOEL IBI TEL AVIV
3,1,2026-09-24 16:00:00,FALSE,P009513,1,0,MUN,21,"HOLLATZ, JUSTUS",Justus Hollatz,09:56,2,1,2,0,2,0,0,0,0,0,3,1,0,0,0,4,0,-1,5,FC BAYERN MUNICH,HAPOEL IBI TEL AVIV
3,1,2026-09-24 16:00:00,FALSE,P007519,0,0,MUN,31,"JOKUBAITIS, ROKAS",Rokas Jokubaitis,18:36,6,2,7,0,0,2,2,0,1,1,6,1,1,0,1,1,2,8,-14,FC BAYERN MUNICH,HAPOEL IBI TEL AVIV
3,1,2026-09-24 16:00:00,FALSE,P003958,0,1,MUN,32,"THIEMANN, JOHANNES",Johannes Thiemann,19:02,15,5,6,0,2,5,6,2,5,7,1,0,2,0,0,2,5,20,4,FC BAYERN MUNICH,HAPOEL IBI TEL AVIV
3,1,2026-09-24 16:00:00,FALSE,P013278,1,0,MUN,50,"WILEY, AUSTIN",Austin Wiley,10:51,6,2,4,0,0,2,2,1,4,5,0,1,2,0,1,4,1,4,-5,FC BAYERN MUNICH,HAPOEL IBI TEL AVIV
2,1,2026-09-24 16:00:00,FALSE,P011212,1,0,DUB,0,"OKOBO, ELIE",Elie Okobo,30:03,8,4,6,0,2,0,0,1,3,4,4,1,1,0,0,2,1,11,7,DUBAI BASKETBALL,REAL MADRID
2,1,2026-09-24 16:00:00,FALSE,P011286,1,1,DUB,3,"BACON, DWAYNE",Dwayne Bacon,29:04,24,9,11,0,2,6,7,1,4,5,4,0,1,0,0,1,5,31,20,DUBAI BASKETBALL,REAL MADRID
2,1,2026-09-24 16:00:00,FALSE,P011231,0,1,DUB,4,"BLOSSOMGAME, JARON",Jaron Blossomgame,06:02,0,0,0,0,0,0,0,1,0,1,0,0,0,1,0,0,1,3,-1,DUBAI BASKETBALL,REAL MADRID
2,1,2026-09-24 16:00:00,FALSE,P014731,0,0,DUB,6,"MINTZ, DAVION",Davion Mintz,09:47,3,0,1,1,4,0,0,1,0,1,0,0,1,1,1,0,0,-1,-6,DUBAI BASKETBALL,REAL MADRID
2,1,2026-09-24 16:00:00,FALSE,P003458,0,0,DUB,8,"BERTANS, DAVIS",Davis Bertans,10:56,3,0,0,1,2,0,0,0,0,0,0,1,0,0,0,2,0,1,-19,DUBAI BASKETBALL,REAL MADRID
2,1,2026-09-24 16:00:00,FALSE,P014031,0,0,DUB,11,"KONDIC, KOSTA",Kosta Kondic,DNP,0,0,0,0,0,0,0,0,0,0,0,0,0,0,0,0,0,0,0,DUBAI BASKETBALL,REAL MADRID
2,1,2026-09-24 16:00:00,FALSE,P012796,1,1,DUB,17,"KABENGELE, MFIONDU",Mfiondu Kabengele,24:17,9,0,4,2,6,3,4,1,6,7,3,0,2,2,1,0,3,12,12,DUBAI BASKETBALL,REAL MADRID
2,1,2026-09-24 16:00:00,FALSE,P014027,0,1,DUB,21,"DIAKITE, MAMADI",Mamadi Diakite,15:53,6,0,1,2,3,0,0,0,2,2,1,1,0,1,0,3,1,7,-11,DUBAI BASKETBALL,REAL MADRID
2,1,2026-09-24 16:00:00,FALSE,P001133,0,0,DUB,23,"SHENGELIA, TORNIKE",Tornike Shengelia,15:16,5,0,6,1,3,2,2,5,3,8,0,0,2,0,0,2,2,3,-8,DUBAI BASKETBALL,REAL MADRID
2,1,2026-09-24 16:00:00,FALSE,P012606,1,0,DUB,25,"WRIGHT IV, MCKINLEY",Mckinley Wright IV,24:07,12,3,6,1,2,3,5,2,3,5,3,0,3,0,1,3,2,9,5,DUBAI BASKETBALL,REAL MADRID
2,1,2026-09-24 16:00:00,FALSE,P011194,1,1,DUB,30,"PETRUSEV, FILIP",Filip Petrusev,18:52,3,0,3,1,1,0,0,2,4,6,2,0,0,0,1,1,2,8,10,DUBAI BASKETBALL,REAL MADRID
2,1,2026-09-24 16:00:00,FALSE,P008855,0,0,DUB,44,"WALKUP, THOMAS",Thomas Walkup,15:43,5,1,2,1,3,0,0,0,0,0,0,0,2,0,1,1,0,-2,-4,DUBAI BASKETBALL,REAL MADRID
2,1,2026-09-24 16:00:00,FALSE,P012080,1,1,MAD,3,"LUWAWU-CABARROT, TIMOTHE",Timothe Luwawu-Cabarrot,21:33,11,3,6,1,3,2,2,0,0,0,0,1,0,0,1,2,1,5,-4,REAL MADRID,DUBAI BASKETBALL
2,1,2026-09-24 16:00:00,FALSE,P010393,1,1,MAD,4,"PRADILLA, JAIME",Jaime Pradilla,20:03,5,1,2,1,2,0,0,0,2,2,0,1,0,0,0,1,1,6,-1,REAL MADRID,DUBAI BASKETBALL
2,1,2026-09-24 16:00:00,FALSE,P003733,1,0,MAD,6,"ABALDE, ALBERTO",Alberto Abalde,14:46,3,0,3,1,2,0,0,0,0,0,1,0,0,0,0,1,0,-1,-3,REAL MADRID,DUBAI BASKETBALL
2,1,2026-09-24 16:00:00,FALSE,P005928,1,1,MAD,7,"CAMPAZZO, FACUNDO",Facundo Campazzo,17:42,6,2,5,0,3,2,2,0,2,2,2,1,1,0,0,1,4,7,-1,REAL MADRID,DUBAI BASKETBALL
2,1,2026-09-24 16:00:00,FALSE,P008384,0,0,MAD,9,"PROCIDA, GABRIELE",Gabriele Procida,03:46,0,0,0,0,0,0,0,0,1,1,0,0,0,0,0,0,0,1,0,REAL MADRID,DUBAI BASKETBALL
2,1,2026-09-24 16:00:00,FALSE,P007027,0,0,MAD,12,"MALEDON, THEO",Theo Maledon,22:18,11,4,8,0,1,3,4,0,4,4,6,1,0,1,1,3,3,16,0,REAL MADRID,DUBAI BASKETBALL
2,1,2026-09-24 16:00:00,FALSE,P009005,0,0,MAD,14,"DECK, GABRIEL",Gabriel Deck,16:30,0,0,0,0,2,0,0,0,1,1,0,0,1,0,0,1,1,-2,2,REAL MADRID,DUBAI BASKETBALL
2,1,2026-09-24 16:00:00,FALSE,P012613,0,0,MAD,20,"JANTUNEN, MIKAEL",Mikael Jantunen,19:57,10,2,2,2,3,0,0,0,1,1,0,0,0,1,0,2,1,10,0,REAL MADRID,DUBAI BASKETBALL
2,1,2026-09-24 16:00:00,FALSE,P005791,1,1,MAD,22,"TAVARES, WALTER",Walter Tavares,21:03,8,4,7,0,0,0,0,2,2,4,0,1,2,1,2,4,2,5,9,REAL MADRID,DUBAI BASKETBALL
2,1,2026-09-24 16:00:00,FALSE,P011247,0,1,MAD,24,"FELIZ, ANDRES",Andres Feliz,23:25,9,3,9,1,2,0,0,1,4,5,4,0,2,1,1,1,0,8,3,REAL MADRID,DUBAI BASKETBALL
2,1,2026-09-24 16:00:00,FALSE,P015103,0,0,MAD,30,"JONES, DAMIAN",Damian Jones,14:49,10,5,7,0,0,0,0,4,1,5,0,0,1,1,0,1,0,12,-7,REAL MADRID,DUBAI BASKETBALL
2,1,2026-09-24 16:00:00,FALSE,P006833,0,0,MAD,33,"SARR, OLIVIER",Olivier Sarr,04:08,4,1,1,0,0,2,3,1,1,2,0,0,0,0,0,0,2,7,-3,REAL MADRID,DUBAI BASKETBALL
1,1,2026-09-24 18:00:00,FALSE,P011157,1,0,RED,0,"MOTLEY, JOHNATHAN",Johnathan Motley,14:08,2,1,5,0,2,0,0,0,0,0,2,0,6,0,0,5,0,-13,-19,CRVENA ZVEZDA MERIDIANBET BELGRADE,ZALGIRIS KAUNAS
1,1,2026-09-24 18:00:00,FALSE,P010568,1,1,RED,1,"JONES, CHRIS",Chris Jones,18:44,15,5,6,1,2,2,2,1,1,2,8,2,0,0,0,1,1,25,3,CRVENA ZVEZDA MERIDIANBET BELGRADE,ZALGIRIS KAUNAS
1,1,2026-09-24 18:00:00,FALSE,P014094,0,0,RED,2,"MILJENOVIC, STEFAN",Stefan Miljenovic,00:20,0,0,0,0,0,0,0,0,0,0,0,0,0,0,0,1,0,-1,0,CRVENA ZVEZDA MERIDIANBET BELGRADE,ZALGIRIS KAUNAS
1,1,2026-09-24 18:00:00,FALSE,P010391,0,0,RED,3,"WEILER-BABB, NICK",Nick Weiler-Babb,21:16,0,0,3,0,1,0,0,1,2,3,3,1,4,0,2,2,1,-4,-9,CRVENA ZVEZDA MERIDIANBET BELGRADE,ZALGIRIS KAUNAS
1,1,2026-09-24 18:00:00,FALSE,P014163,0,0,RED,6,"BUTLER, JARED",Jared Butler,17:13,11,1,4,3,7,0,0,1,1,2,4,0,1,1,0,1,2,11,2,CRVENA ZVEZDA MERIDIANBET BELGRADE,ZALGIRIS KAUNAS
1,1,2026-09-24 18:00:00,FALSE,P011305,1,0,RED,11,"CARTER, TYSON",Tyson Carter,16:09,3,0,1,1,3,0,0,0,3,3,0,1,1,0,1,1,2,3,-13,CRVENA ZVEZDA MERIDIANBET BELGRADE,ZALGIRIS KAUNAS
1,1,2026-09-24 18:00:00,FALSE,P004007,0,0,RED,13,"DOBRIC, OGNJEN",Ognjen Dobric,04:45,0,0,0,0,1,0,0,1,0,1,0,0,0,0,0,1,0,-1,7,CRVENA ZVEZDA MERIDIANBET BELGRADE,ZALGIRIS KAUNAS
1,1,2026-09-24 18:00:00,FALSE,P014029,0,0,RED,15,"IZUNDU, EBUKA",Ebuka Izundu,15:22,7,2,6,0,0,3,4,4,0,4,0,2,0,1,0,3,3,9,3,CRVENA ZVEZDA MERIDIANBET BELGRADE,ZALGIRIS KAUNAS
1,1,2026-09-24 18:00:00,FALSE,P013363,1,1,RED,33,"NWORA, JORDAN",Jordan Nwora,22:02,10,3,8,0,1,4,6,1,4,5,1,0,1,0,2,1,4,8,-5,CRVENA ZVEZDA MERIDIANBET BELGRADE,ZALGIRIS KAUNAS
1,1,2026-09-24 18:00:00,FALSE,P011982,1,1,RED,37,"OJELEYE, SEMI",Semi Ojeleye,24:35,9,1,4,2,3,1,3,2,5,7,1,0,1,0,1,4,4,9,1,CRVENA ZVEZDA MERIDIANBET BELGRADE,ZALGIRIS KAUNAS
1,1,2026-09-24 18:00:00,FALSE,P006482,0,1,RED,44,"KRAMER, DAVID",David Kramer,19:39,11,0,2,3,5,2,2,0,4,4,1,1,0,0,0,4,1,10,-3,CRVENA ZVEZDA MERIDIANBET BELGRADE,ZALGIRIS KAUNAS
1,1,2026-09-24 18:00:00,FALSE,P012201,0,1,RED,95,"MONEKE, CHIMA",Chima Moneke,25:47,9,4,5,0,4,1,2,3,0,3,1,0,0,1,0,2,4,10,3,CRVENA ZVEZDA MERIDIANBET BELGRADE,ZALGIRIS KAUNAS
1,1,2026-09-24 18:00:00,FALSE,P012720,0,1,ZAL,0,"BROWN, STERLING",Sterling Brown,16:19,10,0,0,2,3,4,4,0,2,2,0,0,0,1,0,3,2,11,4,ZALGIRIS KAUNAS,CRVENA ZVEZDA MERIDIANBET BELGRADE
1,1,2026-09-24 18:00:00,FALSE,P007982,1,0,ZAL,1,"WILLIAMS-GOSS, NIGEL",Nigel Williams-Goss,25:20,14,5,11,1,2,1,1,0,2,2,6,2,3,0,1,1,2,14,-1,ZALGIRIS KAUNAS,CRVENA ZVEZDA MERIDIANBET BELGRADE
1,1,2026-09-24 18:00:00,FALSE,P011987,1,1,ZAL,3,"EDWARDS, CARSEN",Carsen Edwards,15:34,13,2,5,2,6,3,3,0,0,0,0,2,1,0,1,3,1,4,3,ZALGIRIS KAUNAS,CRVENA ZVEZDA MERIDIANBET BELGRADE
1,1,2026-09-24 18:00:00,FALSE,P007513,0,0,ZAL,9,"GIEDRAITIS, DOVYDAS",Dovydas Giedraitis,02:05,0,0,0,0,0,0,0,0,0,0,0,0,1,0,0,0,1,0,2,ZALGIRIS KAUNAS,CRVENA ZVEZDA MERIDIANBET BELGRADE
1,1,2026-09-24 18:00:00,FALSE,P008192,1,1,ZAL,10,"TUBELIS, AZUOLAS",Azuolas Tubelis,27:16,10,4,8,0,2,2,4,3,9,12,4,1,1,1,0,0,4,23,4,ZALGIRIS KAUNAS,CRVENA ZVEZDA MERIDIANBET BELGRADE
1,1,2026-09-24 18:00:00,FALSE,P007032,0,0,ZAL,12,"LO, MAODO",Maodo Lo,11:46,3,0,1,1,2,0,0,0,4,4,3,0,3,0,1,1,1,4,4,ZALGIRIS KAUNAS,CRVENA ZVEZDA MERIDIANBET BELGRADE
1,1,2026-09-24 18:00:00,FALSE,P011927,0,0,ZAL,14,"SLEVA, DUSTIN",Dustin Sleva,14:00,7,0,0,2,3,1,4,2,1,3,0,1,0,0,0,3,2,6,0,ZALGIRIS KAUNAS,CRVENA ZVEZDA MERIDIANBET BELGRADE
1,1,2026-09-24 18:00:00,FALSE,P000898,1,0,ZAL,17,"VALANCIUNAS, JONAS",Jonas Valanciunas,21:37,13,6,9,0,0,1,1,1,7,8,2,0,1,3,0,1,3,24,7,ZALGIRIS KAUNAS,CRVENA ZVEZDA MERIDIANBET BELGRADE
1,1,2026-09-24 18:00:00,FALSE,P008186,0,0,ZAL,22,"BLAZEVIC, MAREK",Marek Blazevic,12:59,5,2,4,0,0,1,2,0,2,2,0,0,3,0,0,3,2,0,-1,ZALGIRIS KAUNAS,CRVENA ZVEZDA MERIDIANBET BELGRADE
1,1,2026-09-24 18:00:00,FALSE,P002328,0,0,ZAL,40,"GRIGONIS, MARIUS",Marius Grigonis,12:21,2,1,4,0,1,0,0,0,0,0,2,0,1,1,0,1,1,0,9,ZALGIRIS KAUNAS,CRVENA ZVEZDA MERIDIANBET BELGRADE
1,1,2026-09-24 18:00:00,FALSE,P002676,1,1,ZAL,51,"BUTKEVICIUS, ARNAS",Arnas Butkevicius,24:23,0,0,0,0,0,0,0,4,2,6,1,2,0,0,0,4,1,6,6,ZALGIRIS KAUNAS,CRVENA ZVEZDA MERIDIANBET BELGRADE
1,1,2026-09-24 18:00:00,FALSE,P002329,0,1,ZAL,92,"ULANOVAS, EDGARAS",Edgaras Ulanovas,16:20,6,0,1,0,1,6,8,0,1,1,0,0,1,0,0,1,6,7,-7,ZALGIRIS KAUNAS,CRVENA ZVEZDA MERIDIANBET BELGRADE
7,1,2026-09-24 18:15:00,FALSE,P011209,1,0,PAN,0,"KALAITZAKIS, PANAGIOTIS",Panagiotis Kalaitzakis,19:06,3,0,2,1,3,0,0,1,2,3,2,2,0,0,0,5,1,2,10,PANATHINAIKOS AKTOR ATHENS,PARIS BASKETBALL
7,1,2026-09-24 18:15:00,FALSE,P007975,0,0,PAN,3,"FRANCISCO, SYLVAIN",Sylvain Francisco,21:53,18,3,4,3,7,3,3,0,2,2,4,0,4,0,0,0,3,18,11,PANATHINAIKOS AKTOR ATHENS,PARIS BASKETBALL
7,1,2026-09-24 18:15:00,FALSE,P006544,0,0,PAN,6,"MORAITIS, DIMITRIS",Dimitris Moraitis,DNP,0,0,0,0,0,0,0,0,0,0,0,0,0,0,0,0,0,0,0,PANATHINAIKOS AKTOR ATHENS,PARIS BASKETBALL
7,1,2026-09-24 18:15:00,FALSE,P007527,0,1,PAN,7,"BADIO, BRANCOU",Brancou Badio,20:54,4,1,3,0,0,2,2,0,3,3,2,0,2,1,0,1,2,7,9,PANATHINAIKOS AKTOR ATHENS,PARIS BASKETBALL
7,1,2026-09-24 18:15:00,FALSE,P011085,0,0,PAN,17,"ROGKAVOPOULOS, NIKOLAOS",Nikolaos Rogkavopoulos,DNP,0,0,0,0,0,0,0,0,0,0,0,0,0,0,0,0,0,0,0,PANATHINAIKOS AKTOR ATHENS,PARIS BASKETBALL
7,1,2026-09-24 18:15:00,FALSE,P011204,1,1,PAN,22,"GRANT, JERIAN",Jerian Grant,18:07,7,2,4,1,4,0,0,1,0,1,3,1,0,1,0,1,2,9,8,PANATHINAIKOS AKTOR ATHENS,PARIS BASKETBALL
7,1,2026-09-24 18:15:00,FALSE,P003842,0,0,PAN,26,"LESSORT, MATHIAS",Mathias Lessort,21:53,15,2,7,0,0,11,12,3,6,9,2,2,4,3,1,1,9,28,13,PANATHINAIKOS AKTOR ATHENS,PARIS BASKETBALL
7,1,2026-09-24 18:15:00,FALSE,P010357,1,0,PAN,28,"YABUSELE, GUERSCHON",Guerschon Yabusele,19:38,13,3,5,2,5,1,1,2,3,5,0,1,0,0,0,2,1,13,17,PANATHINAIKOS AKTOR ATHENS,PARIS BASKETBALL
7,1,2026-09-24 18:15:00,FALSE,P006760,0,0,PAN,32,"BONGA, ISAAC",Isaac Bonga,16:56,5,2,2,0,2,1,1,1,1,2,1,0,3,0,0,3,1,1,3,PANATHINAIKOS AKTOR ATHENS,PARIS BASKETBALL
7,1,2026-09-24 18:15:00,FALSE,P012712,0,1,PAN,41,"HERNANGOMEZ, JUANCHO",Juancho Hernangomez,20:22,5,1,1,1,2,0,0,2,4,6,1,2,0,0,0,1,1,13,2,PANATHINAIKOS AKTOR ATHENS,PARIS BASKETBALL
7,1,2026-09-24 18:15:00,FALSE,P007866,1,1,PAN,44,"MITOGLOU, KONSTANTINOS",Konstantinos Mitoglou,18:07,11,4,7,0,1,3,3,3,3,6,0,2,1,0,1,1,2,14,6,PANATHINAIKOS AKTOR ATHENS,PARIS BASKETBALL
7,1,2026-09-24 18:15:00,FALSE,P008084,1,1,PAN,72,"MANTZOUKAS, ELEFTHERIOS",Eleftherios Mantzoukas,23:04,10,2,2,2,5,0,0,0,4,4,1,0,1,3,0,2,0,12,16,PANATHINAIKOS AKTOR ATHENS,PARIS BASKETBALL
7,1,2026-09-24 18:15:00,FALSE,P015168,1,0,PRS,1,"WARREN, TJ",Tj Warren,21:04,9,0,1,3,4,0,0,0,2,2,0,0,2,0,0,2,0,5,-5,PARIS BASKETBALL,PANATHINAIKOS AKTOR ATHENS
7,1,2026-09-24 18:15:00,FALSE,P012640,1,0,PRS,2,"HIFI, NADIR",Nadir Hifi,22:13,11,3,7,1,6,2,3,1,1,2,2,0,3,0,2,0,7,7,7,PARIS BASKETBALL,PANATHINAIKOS AKTOR ATHENS
7,1,2026-09-24 18:15:00,FALSE,P012515,1,0,PRS,3,"TARPEY, TERRY",Terry Tarpey,15:15,0,0,0,0,4,0,0,1,4,5,6,1,1,0,0,2,0,5,8,PARIS BASKETBALL,PANATHINAIKOS AKTOR ATHENS
7,1,2026-09-24 18:15:00,FALSE,P013373,0,1,PRS,4,"CAVALIERE, LEOPOLD",Leopold Cavaliere,15:26,3,0,0,1,1,0,0,1,0,1,2,2,1,0,0,2,0,5,4,PARIS BASKETBALL,PANATHINAIKOS AKTOR ATHENS
7,1,2026-09-24 18:15:00,FALSE,P012611,0,1,PRS,7,"HERRERA, SEBASTIAN",Sebastian Herrera,19:08,9,0,1,3,7,0,0,0,1,1,1,1,0,0,1,0,1,7,-10,PARIS BASKETBALL,PANATHINAIKOS AKTOR ATHENS
7,1,2026-09-24 18:15:00,FALSE,P014178,1,0,PRS,8,"RHODEN, JARED",Jared Rhoden,18:03,11,3,5,1,3,2,2,1,0,1,1,0,4,1,0,3,2,5,-23,PARIS BASKETBALL,PANATHINAIKOS AKTOR ATHENS
7,1,2026-09-24 18:15:00,FALSE,P015143,0,0,PRS,9,"ETIENNE, TYSON",Tyson Etienne,18:49,17,1,3,4,10,3,5,0,1,1,2,0,0,0,3,0,2,9,-18,PARIS BASKETBALL,PANATHINAIKOS AKTOR ATHENS
7,1,2026-09-24 18:15:00,FALSE,P014010,0,0,PRS,13,"DOKOSSI, ALLAN",Allan Dokossi,20:50,4,2,2,0,0,0,0,2,3,5,4,2,2,1,0,2,0,12,1,PARIS BASKETBALL,PANATHINAIKOS AKTOR ATHENS
7,1,2026-09-24 18:15:00,FALSE,P012403,1,0,PRS,15,"FAYE, MOUHAMED",Mouhamed Faye,07:36,0,0,0,0,0,0,0,1,1,2,1,0,0,0,0,5,0,-2,-15,PARIS BASKETBALL,PANATHINAIKOS AKTOR ATHENS
7,1,2026-09-24 18:15:00,FALSE,P010431,0,1,PRS,20,"MORGAN, JEREMY",Jeremy Morgan,11:40,0,0,0,0,3,0,0,1,0,1,0,1,0,0,0,2,0,-3,-8,PARIS BASKETBALL,PANATHINAIKOS AKTOR ATHENS
7,1,2026-09-24 18:15:00,FALSE,P015160,0,1,PRS,24,"JOHNSON, ALIZE",Alize Johnson,14:52,6,3,6,0,0,0,3,0,4,4,0,0,0,0,1,4,4,3,-13,PARIS BASKETBALL,PANATHINAIKOS AKTOR ATHENS
7,1,2026-09-24 18:15:00,FALSE,P011949,0,1,PRS,34,"HOMMES, DAULTON",Daulton Hommes,15:04,2,0,2,0,1,2,2,1,3,4,0,0,2,0,1,0,1,1,-23,PARIS BASKETBALL,PANATHINAIKOS AKTOR ATHENS
4,1,2026-09-24 18:30:00,FALSE,P009862,1,1,BAR,0,"PUNTER, KEVIN",Kevin Punter,25:09,19,5,9,2,3,3,3,0,1,1,1,2,1,0,0,0,5,22,-2,FC BARCELONA,ANADOLU EFES ISTANBUL
4,1,2026-09-24 18:30:00,FALSE,P013855,0,0,BAR,1,"GIBSON, UMOJA",Umoja Gibson,17:40,10,2,2,2,4,0,0,2,4,6,2,0,0,0,0,1,0,15,6,FC BARCELONA,ANADOLU EFES ISTANBUL
4,1,2026-09-24 18:30:00,FALSE,P015138,0,1,BAR,2,"MARTIN, TYRESE",Tyrese Martin,17:34,3,0,2,1,4,0,0,1,2,3,2,0,3,0,0,2,0,-2,5,FC BARCELONA,ANADOLU EFES ISTANBUL
4,1,2026-09-24 18:30:00,FALSE,P015139,1,0,BAR,3,"UMUDE, STANLEY",Stanley Umude,17:42,7,3,5,0,2,1,3,1,2,3,1,1,0,1,0,3,2,6,-1,FC BARCELONA,ANADOLU EFES ISTANBUL
4,1,2026-09-24 18:30:00,FALSE,P014008,1,1,BAR,5,"ROBINSON, JUSTIN",Justin Robinson,22:20,10,1,2,2,5,2,2,0,2,2,2,0,3,0,0,0,3,10,1,FC BARCELONA,ANADOLU EFES ISTANBUL
4,1,2026-09-24 18:30:00,FALSE,P009992,0,0,BAR,8,"BRIZUELA, DARIO",Dario Brizuela,19:23,20,5,6,3,4,1,2,0,2,2,0,1,3,0,0,2,1,16,14,FC BARCELONA,ANADOLU EFES ISTANBUL
4,1,2026-09-24 18:30:00,FALSE,P010062,0,0,BAR,10,"UBAL, AGUSTIN",Agustin Ubal,DNP,0,0,0,0,0,0,0,0,0,0,0,0,0,0,0,0,0,0,0,FC BARCELONA,ANADOLU EFES ISTANBUL
4,1,2026-09-24 18:30:00,FALSE,P015140,0,0,BAR,13,"NKAMHOUA, OLIVIER",Olivier Nkamhoua,14:53,2,1,1,0,0,0,0,4,0,4,0,0,0,0,0,2,2,6,-3,FC BARCELONA,ANADOLU EFES ISTANBUL
4,1,2026-09-24 18:30:00,FALSE,P010106,0,0,BAR,17,"NUNEZ, JUAN",Juan Nunez,DNP,0,0,0,0,0,0,0,0,0,0,0,0,0,0,0,0,0,0,0,FC BARCELONA,ANADOLU EFES ISTANBUL
4,1,2026-09-24 18:30:00,FALSE,P007553,1,1,BAR,22,"BALCEROWSKI, OLEK",Olek Balcerowski,25:07,10,3,4,0,0,4,4,1,3,4,2,0,1,1,0,4,3,14,10,FC BARCELONA,ANADOLU EFES ISTANBUL
4,1,2026-09-24 18:30:00,FALSE,P015142,0,0,BAR,24,"MINAYA, JUSTIN",Justin Minaya,13:27,3,0,0,1,1,0,0,0,1,1,1,0,0,0,0,2,1,4,8,FC BARCELONA,ANADOLU EFES ISTANBUL
4,1,2026-09-24 18:30:00,FALSE,P007464,1,1,BAR,44,"PARRA, JOEL",Joel Parra,26:45,5,1,4,1,6,0,0,0,2,2,3,0,0,1,1,3,1,0,-3,FC BARCELONA,ANADOLU EFES ISTANBUL
4,1,2026-09-24 18:30:00,FALSE,P009754,0,1,IST,3,"LOYD, JORDAN",Jordan Loyd,21:31,2,1,3,0,2,0,0,0,0,0,0,1,1,0,1,4,2,-5,-13,ANADOLU EFES ISTANBUL,FC BARCELONA
4,1,2026-09-24 18:30:00,FALSE,P005368,0,0,IST,4,"YUSTA, SANTI",Santi Yusta,08:46,4,2,3,0,0,0,0,2,0,2,0,0,0,0,0,2,0,3,-6,ANADOLU EFES ISTANBUL,FC BARCELONA
4,1,2026-09-24 18:30:00,FALSE,P003112,1,1,IST,5,"SARIC, DARIO",Dario Saric,29:19,17,3,3,1,4,8,9,0,5,5,2,0,1,0,0,0,7,26,-6,ANADOLU EFES ISTANBUL,FC BARCELONA
4,1,2026-09-24 18:30:00,FALSE,P013943,0,0,IST,11,"RUSSELL, DARON",Daron Russell,04:57,3,1,4,0,1,1,1,0,1,1,1,1,0,0,0,1,1,2,0,ANADOLU EFES ISTANBUL,FC BARCELONA
4,1,2026-09-24 18:30:00,FALSE,P012742,0,0,IST,15,"DOZIER, PJ",Pj Dozier,13:26,3,0,1,1,4,0,0,1,2,3,0,0,0,0,0,2,0,0,-6,ANADOLU EFES ISTANBUL,FC BARCELONA
4,1,2026-09-24 18:30:00,FALSE,P012609,1,0,IST,17,"MALCOLM, COLLIN",Collin Malcolm,17:27,5,2,2,0,1,1,2,1,1,2,2,1,0,0,0,0,1,9,6,ANADOLU EFES ISTANBUL,FC BARCELONA
4,1,2026-09-24 18:30:00,FALSE,P013667,1,1,IST,20,"FERNANDO, BRUNO",Bruno Fernando,17:45,6,3,4,0,0,0,0,0,3,3,0,1,1,0,1,4,0,3,9,ANADOLU EFES ISTANBUL,FC BARCELONA
4,1,2026-09-24 18:30:00,FALSE,P012710,0,0,IST,24,"OSMANI, ERCAN",Ercan Osmani,16:03,6,3,5,0,1,0,0,2,1,3,2,0,1,0,0,1,0,6,-8,ANADOLU EFES ISTANBUL,FC BARCELONA
4,1,2026-09-24 18:30:00,FALSE,P008099,1,1,IST,32,"STRAZEL, MATTHEW",Matthew Strazel,23:23,12,2,5,1,4,5,5,0,2,2,3,1,2,0,1,1,3,11,-5,ANADOLU EFES ISTANBUL,FC BARCELONA
4,1,2026-09-24 18:30:00,FALSE,P006372,0,0,IST,33,"YILMAZ, ERKAN",Erkan Yilmaz,DNP,0,0,0,0,0,0,0,0,0,0,0,0,0,0,0,0,0,0,0,ANADOLU EFES ISTANBUL,FC BARCELONA
4,1,2026-09-24 18:30:00,FALSE,P005985,1,1,IST,55,"JAMES, MIKE",Mike James,31:50,22,6,10,1,3,7,8,0,4,4,5,0,5,1,0,2,6,24,1,ANADOLU EFES ISTANBUL,FC BARCELONA
4,1,2026-09-24 18:30:00,FALSE,P014102,0,0,IST,88,"JONES, KAI",Kai Jones,15:33,2,1,1,0,0,0,0,2,3,5,1,0,0,0,0,1,0,7,-7,ANADOLU EFES ISTANBUL,FC BARCELONA
5,1,2026-09-24 18:30:00,FALSE,P011948,0,0,BAS,0,"HOWARD, MARKUS",Markus Howard,12:30,9,0,1,3,5,0,0,1,0,1,1,0,0,0,1,0,1,8,-11,KOSNER BASKONIA VITORIA-GASTEIZ,OLYMPIACOS PIRAEUS
5,1,2026-09-24 18:30:00,FALSE,P014734,0,1,BAS,1,"LAWSON, A.J.",A.j. Lawson,25:50,20,1,4,4,9,6,7,2,2,4,2,0,1,0,0,3,4,17,-20,KOSNER BASKONIA VITORIA-GASTEIZ,OLYMPIACOS PIRAEUS
5,1,2026-09-24 18:30:00,FALSE,P014152,1,0,BAS,2,"SIMMONS, KOBI",Kobi Simmons,18:08,6,1,4,1,5,1,1,2,0,2,6,0,1,0,1,1,1,5,-1,KOSNER BASKONIA VITORIA-GASTEIZ,OLYMPIACOS PIRAEUS
5,1,2026-09-24 18:30:00,FALSE,P012700,1,0,BAS,3,"STEWART, DJ",Dj Stewart,25:44,8,1,5,2,8,0,0,0,1,1,0,1,0,0,0,2,0,-2,-18,KOSNER BASKONIA VITORIA-GASTEIZ,OLYMPIACOS PIRAEUS
5,1,2026-09-24 18:30:00,FALSE,P014735,1,1,BAS,5,"DUARTE, CHRIS",Chris Duarte,20:03,9,3,4,1,6,0,0,2,3,5,3,2,1,0,0,2,1,11,7,KOSNER BASKONIA VITORIA-GASTEIZ,OLYMPIACOS PIRAEUS
5,1,2026-09-24 18:30:00,FALSE,P014107,0,1,BAS,6,"JOKSIMOVIC, STEFAN",Stefan Joksimovic,09:04,0,0,1,0,1,0,0,0,0,0,3,1,3,0,0,0,0,-1,-14,KOSNER BASKONIA VITORIA-GASTEIZ,OLYMPIACOS PIRAEUS
5,1,2026-09-24 18:30:00,FALSE,P005713,1,0,BAS,7,"KURUCS, RODIONS",Rodions Kurucs,21:21,5,1,5,1,2,0,0,2,2,4,5,4,2,0,0,3,1,9,2,KOSNER BASKONIA VITORIA-GASTEIZ,OLYMPIACOS PIRAEUS
5,1,2026-09-24 18:30:00,FALSE,P007230,1,0,BAS,8,"SEDEKERSKIS, TADAS",Tadas Sedekerskis,20:01,15,3,4,3,3,0,0,0,2,2,0,0,0,0,1,3,2,14,6,KOSNER BASKONIA VITORIA-GASTEIZ,OLYMPIACOS PIRAEUS
5,1,2026-09-24 18:30:00,FALSE,P008173,0,0,BAS,10,"SPAGNOLO, MATTEO",Matteo Spagnolo,15:31,5,1,1,0,2,3,3,2,1,3,3,0,2,0,0,2,2,7,-11,KOSNER BASKONIA VITORIA-GASTEIZ,OLYMPIACOS PIRAEUS
5,1,2026-09-24 18:30:00,FALSE,P014736,0,1,BAS,12,"BAUGH, DAMION",Damion Baugh,13:17,7,1,3,1,2,2,2,1,1,2,2,1,0,0,0,1,1,9,-6,KOSNER BASKONIA VITORIA-GASTEIZ,OLYMPIACOS PIRAEUS
5,1,2026-09-24 18:30:00,FALSE,P014026,0,0,BAS,25,"FRISCH, CLEMENT",Clement Frisch,01:09,0,0,0,0,0,0,0,0,0,0,0,0,0,0,0,0,0,0,-5,KOSNER BASKONIA VITORIA-GASTEIZ,OLYMPIACOS PIRAEUS
5,1,2026-09-24 18:30:00,FALSE,P011284,0,1,BAS,35,"FARIED, KENNETH",Kenneth Faried,17:22,5,2,4,0,1,1,2,1,2,3,0,0,0,0,0,4,3,3,-14,KOSNER BASKONIA VITORIA-GASTEIZ,OLYMPIACOS PIRAEUS
5,1,2026-09-24 18:30:00,FALSE,P009048,1,1,OLY,0,"MILLER-MCINTYRE, CODI",Codi Miller-Mcintyre,19:37,2,1,2,0,2,0,0,0,2,2,6,0,4,0,0,3,2,2,-4,OLYMPIACOS PIRAEUS,KOSNER BASKONIA VITORIA-GASTEIZ
5,1,2026-09-24 18:30:00,FALSE,P012610,1,1,OLY,3,"WARD, TYSON",Tyson Ward,17:46,11,2,5,1,3,4,4,2,1,3,2,1,1,0,0,1,2,12,-8,OLYMPIACOS PIRAEUS,KOSNER BASKONIA VITORIA-GASTEIZ
5,1,2026-09-24 18:30:00,FALSE,P010042,0,0,OLY,8,"MONTERO, JEAN",Jean Montero,19:45,15,2,5,2,5,5,6,0,5,5,5,1,3,0,0,0,3,19,22,OLYMPIACOS PIRAEUS,KOSNER BASKONIA VITORIA-GASTEIZ
5,1,2026-09-24 18:30:00,FALSE,P003469,1,0,OLY,14,"VEZENKOV, SASHA",Sasha Vezenkov,19:00,22,8,9,0,1,6,6,1,4,5,1,0,1,0,0,0,5,30,12,OLYMPIACOS PIRAEUS,KOSNER BASKONIA VITORIA-GASTEIZ
5,1,2026-09-24 18:30:00,FALSE,P001255,0,1,OLY,16,"PAPANIKOLAOU, KOSTAS",Kostas Papanikolaou,13:27,0,0,0,0,0,0,0,0,3,3,1,1,1,1,0,0,0,5,-3,OLYMPIACOS PIRAEUS,KOSNER BASKONIA VITORIA-GASTEIZ
5,1,2026-09-24 18:30:00,FALSE,P009849,1,0,OLY,22,"DORSEY, TYLER",Tyler Dorsey,22:45,25,4,5,4,6,5,5,0,2,2,1,1,0,0,0,0,3,29,13,OLYMPIACOS PIRAEUS,KOSNER BASKONIA VITORIA-GASTEIZ
5,1,2026-09-24 18:30:00,FALSE,P012731,0,0,OLY,24,"NDIAYE, MBAYE",Mbaye Ndiaye,07:35,4,1,1,0,0,2,3,0,0,0,0,0,1,1,0,3,2,2,8,OLYMPIACOS PIRAEUS,KOSNER BASKONIA VITORIA-GASTEIZ
5,1,2026-09-24 18:30:00,FALSE,P003941,0,1,OLY,33,"MILUTINOV, NIKOLA",Nikola Milutinov,09:06,2,0,0,0,0,2,2,0,2,2,0,0,0,0,0,2,1,3,-4,OLYMPIACOS PIRAEUS,KOSNER BASKONIA VITORIA-GASTEIZ
5,1,2026-09-24 18:30:00,FALSE,P014316,0,1,OLY,34,"JOSEPH, CORY",Cory Joseph,15:19,2,1,1,0,1,0,0,0,0,0,0,0,0,0,0,3,0,-2,4,OLYMPIACOS PIRAEUS,KOSNER BASKONIA VITORIA-GASTEIZ
5,1,2026-09-24 18:30:00,FALSE,P011196,1,0,OLY,45,"HALL, DONTA",Donta Hall,18:47,4,2,3,0,0,0,0,3,4,7,1,1,1,1,0,2,2,12,7,OLYMPIACOS PIRAEUS,KOSNER BASKONIA VITORIA-GASTEIZ
5,1,2026-09-24 18:30:00,FALSE,P011981,0,0,OLY,88,"JONES, TYRIQUE",Tyrique Jones,12:07,12,5,9,0,0,2,2,4,4,8,0,0,1,0,0,1,1,15,14,OLYMPIACOS PIRAEUS,KOSNER BASKONIA VITORIA-GASTEIZ
5,1,2026-09-24 18:30:00,FALSE,P013380,0,0,OLY,94,"FOURNIER, EVAN",Evan Fournier,24:46,7,2,2,1,4,0,0,0,1,1,3,1,1,0,0,1,0,7,24,OLYMPIACOS PIRAEUS,KOSNER BASKONIA VITORIA-GASTEIZ
6,1,2026-09-24 18:45:00,FALSE,P013269,0,0,ASV,0,"CALE, MYLES",Myles Cale,09:03,0,0,1,0,2,0,0,0,1,1,1,0,1,0,0,0,0,-2,0,LDLC ASVEL VILLEURBANNE,MACCABI RAPYD TEL AVIV
6,1,2026-09-24 18:45:00,FALSE,P015161,1,1,ASV,1,"FODZO DADA, MARC-OWEN",Marc-Owen Fodzo Dada,21:32,14,2,3,2,2,4,9,0,1,1,5,2,4,1,0,2,6,17,1,LDLC ASVEL VILLEURBANNE,MACCABI RAPYD TEL AVIV
6,1,2026-09-24 18:45:00,FALSE,P015163,1,1,ASV,8,"MILLS, PATTY",Patty Mills,23:49,15,1,2,3,6,4,4,0,1,1,3,0,2,0,0,0,5,18,7,LDLC ASVEL VILLEURBANNE,MACCABI RAPYD TEL AVIV
6,1,2026-09-24 18:45:00,FALSE,P012618,0,0,ASV,10,"MASSA, BODIAN",Bodian Massa,14:19,0,0,0,0,0,0,0,0,1,1,0,0,1,0,0,2,1,-1,4,LDLC ASVEL VILLEURBANNE,MACCABI RAPYD TEL AVIV
6,1,2026-09-24 18:45:00,FALSE,P013900,1,0,ASV,14,"GACH, BOTH",Both Gach,17:06,5,1,3,1,1,0,0,0,0,0,1,0,1,0,0,2,1,2,-11,LDLC ASVEL VILLEURBANNE,MACCABI RAPYD TEL AVIV
6,1,2026-09-24 18:45:00,FALSE,P009035,1,1,ASV,21,"BOLOMBOY, JOEL",Joel Bolomboy,25:41,2,1,2,0,0,0,0,1,5,6,0,3,2,0,0,3,0,5,6,LDLC ASVEL VILLEURBANNE,MACCABI RAPYD TEL AVIV
6,1,2026-09-24 18:45:00,FALSE,P003526,0,1,ASV,23,"LIGHTY, DAVID",David Lighty,15:52,10,1,2,2,3,2,2,0,0,0,1,0,0,0,0,0,2,11,8,LDLC ASVEL VILLEURBANNE,MACCABI RAPYD TEL AVIV
6,1,2026-09-24 18:45:00,FALSE,P015164,0,0,ASV,25,"BESSON, HUGO",Hugo Besson,17:01,8,1,3,2,6,0,0,0,3,3,4,0,2,1,0,3,2,7,20,LDLC ASVEL VILLEURBANNE,MACCABI RAPYD TEL AVIV
6,1,2026-09-24 18:45:00,FALSE,P006832,0,0,ASV,35,"PONS, YVES",Yves Pons,11:48,9,1,1,2,3,1,1,2,0,2,0,1,0,0,0,1,1,11,10,LDLC ASVEL VILLEURBANNE,MACCABI RAPYD TEL AVIV
6,1,2026-09-24 18:45:00,FALSE,P015165,0,0,ASV,51,"WATERS, TREMONT",Tremont Waters,15:37,2,1,2,0,5,0,0,0,1,1,1,1,1,0,0,3,2,-3,5,LDLC ASVEL VILLEURBANNE,MACCABI RAPYD TEL AVIV
6,1,2026-09-24 18:45:00,FALSE,P011980,0,0,ASV,77,"SESTINA, NATHAN",Nathan Sestina,03:20,0,0,0,0,1,0,0,0,2,2,0,0,0,0,0,2,1,0,3,LDLC ASVEL VILLEURBANNE,MACCABI RAPYD TEL AVIV
6,1,2026-09-24 18:45:00,FALSE,P015166,1,1,ASV,99,"CROWDER, JAE",Jae Crowder,24:52,19,2,5,4,5,3,4,0,4,4,4,1,1,1,0,2,4,25,-3,LDLC ASVEL VILLEURBANNE,MACCABI RAPYD TEL AVIV
6,1,2026-09-24 18:45:00,FALSE,P010781,1,0,TEL,0,"LUNDBERG, IFFE",Iffe Lundberg,22:05,5,0,3,1,3,2,2,1,1,2,2,0,2,0,1,5,1,-3,0,MACCABI RAPYD TEL AVIV,LDLC ASVEL VILLEURBANNE
6,1,2026-09-24 18:45:00,FALSE,P006835,1,1,TEL,1,"HOARD, JAYLEN",Jaylen Hoard,28:33,15,6,7,1,4,0,0,2,4,6,0,3,1,0,0,3,4,20,-10,MACCABI RAPYD TEL AVIV,LDLC ASVEL VILLEURBANNE
6,1,2026-09-24 18:45:00,FALSE,P013699,0,0,TEL,2,"CLARK III, JIMMY",Jimmy Clark III,13:32,9,3,5,1,3,0,0,1,3,4,6,0,3,0,0,5,0,7,-1,MACCABI RAPYD TEL AVIV,LDLC ASVEL VILLEURBANNE
6,1,2026-09-24 18:45:00,FALSE,P014015,0,0,TEL,5,"BACOT JR., ARMANDO",Armando Bacot Jr.,03:17,0,0,0,0,0,0,0,0,0,0,1,0,0,0,0,0,0,1,-10,MACCABI RAPYD TEL AVIV,LDLC ASVEL VILLEURBANNE
6,1,2026-09-24 18:45:00,FALSE,P011219,1,1,TEL,9,"SORKIN, ROMAN",Roman Sorkin,24:10,13,5,7,1,2,0,1,2,3,5,2,1,1,0,1,1,2,16,4,MACCABI RAPYD TEL AVIV,LDLC ASVEL VILLEURBANNE
6,1,2026-09-24 18:45:00,FALSE,P014127,0,1,TEL,10,"BRISSETT, O'SHAE J",O'Shae J Brissett,26:04,8,3,5,0,6,2,2,0,7,7,0,2,0,0,0,1,2,10,1,MACCABI RAPYD TEL AVIV,LDLC ASVEL VILLEURBANNE
6,1,2026-09-24 18:45:00,FALSE,P013381,0,1,TEL,11,"RAYMAN, WILLIAM",William Rayman,10:57,0,0,1,0,0,0,0,1,0,1,0,1,0,0,0,2,2,1,-2,MACCABI RAPYD TEL AVIV,LDLC ASVEL VILLEURBANNE
6,1,2026-09-24 18:45:00,FALSE,P007990,0,0,TEL,12,"DIBARTOLOMEO, JOHN",John Dibartolomeo,07:34,0,0,0,0,1,0,0,0,0,0,0,0,1,0,0,1,0,-3,-8,MACCABI RAPYD TEL AVIV,LDLC ASVEL VILLEURBANNE
6,1,2026-09-24 18:45:00,FALSE,P015085,0,0,TEL,17,"WALLACE, KEATON",Keaton Wallace,12:14,2,1,2,0,2,0,0,0,2,2,0,2,2,0,0,4,0,-3,-17,MACCABI RAPYD TEL AVIV,LDLC ASVEL VILLEURBANNE
6,1,2026-09-24 18:45:00,FALSE,P004132,0,0,TEL,23,"THEIS, DANIEL",Daniel Theis,16:49,9,2,2,0,1,5,6,1,2,3,0,1,4,0,0,2,4,9,-3,MACCABI RAPYD TEL AVIV,LDLC ASVEL VILLEURBANNE
6,1,2026-09-24 18:45:00,FALSE,P011052,1,1,TEL,26,"MADAR, YAM",Yam Madar,25:58,13,1,2,3,6,2,4,0,3,3,8,0,4,0,1,1,4,16,7,MACCABI RAPYD TEL AVIV,LDLC ASVEL VILLEURBANNE
6,1,2026-09-24 18:45:00,FALSE,P009783,1,0,TEL,50,"COLSON, BONZIE",Bonzie Colson,08:47,0,0,0,0,1,0,0,0,1,1,0,0,0,0,0,0,1,1,-11,MACCABI RAPYD TEL AVIV,LDLC ASVEL VILLEURBANNE
8,1,2026-09-25 17:00:00,FALSE,P013285,0,1,BES,1,"DOTSON, DEVON",Devon Dotson,22:07,9,1,1,1,2,4,6,0,0,0,4,0,1,0,0,3,6,12,-6,BESIKTAS ISTANBUL,VALENCIA BASKET
8,1,2026-09-25 17:00:00,FALSE,P014785,1,0,BES,2,"JEFFRIES, DAQUAN",Daquan Jeffries,05:27,0,0,0,0,1,0,0,0,0,0,1,0,1,1,0,3,0,-3,1,BESIKTAS ISTANBUL,VALENCIA BASKET
8,1,2026-09-25 17:00:00,FALSE,P013250,1,0,BES,5,"DEJULIUS, DAVID",David Dejulius,12:39,4,2,4,0,0,0,0,0,1,1,4,1,1,0,0,1,0,6,-11,BESIKTAS ISTANBUL,VALENCIA BASKET
8,1,2026-09-25 17:00:00,FALSE,P003783,0,0,BES,6,"UGURLU, BERK",Berk Ugurlu,05:14,3,0,0,1,1,0,0,0,0,0,2,0,0,0,0,0,1,6,15,BESIKTAS ISTANBUL,VALENCIA BASKET
8,1,2026-09-25 17:00:00,FALSE,P009680,0,1,BES,9,"MORGAN, CONOR",Conor Morgan,20:13,15,0,1,5,6,0,0,0,2,2,1,0,2,1,0,3,0,12,-5,BESIKTAS ISTANBUL,VALENCIA BASKET
8,1,2026-09-25 17:00:00,FALSE,P003091,0,0,BES,11,"BIRSEN, METECAN",Metecan Birsen,DNP,0,0,0,0,0,0,0,0,0,0,0,0,0,0,0,0,0,0,0,BESIKTAS ISTANBUL,VALENCIA BASKET
8,1,2026-09-25 17:00:00,FALSE,P006661,0,1,BES,12,"WILBEKIN, SCOTTIE",Scottie Wilbekin,24:10,12,3,6,2,6,0,1,0,1,1,5,1,0,0,0,2,4,13,-3,BESIKTAS ISTANBUL,VALENCIA BASKET
8,1,2026-09-25 17:00:00,FALSE,P014207,1,1,BES,20,"OMORUYI, EUGENE",Eugene Omoruyi,26:16,17,4,5,1,6,6,8,0,4,4,3,1,4,0,0,4,6,15,3,BESIKTAS ISTANBUL,VALENCIA BASKET
8,1,2026-09-25 17:00:00,FALSE,P009025,0,0,BES,21,"BROWN, ANTHONY",Anthony Brown,24:52,7,2,3,1,5,0,0,1,2,3,1,1,2,0,0,3,1,3,5,BESIKTAS ISTANBUL,VALENCIA BASKET
8,1,2026-09-25 17:00:00,FALSE,P014786,1,1,BES,24,"NOWELL, JAYLEN",Jaylen Nowell,28:14,17,4,8,2,4,3,3,0,4,4,2,0,2,0,0,4,2,13,-3,BESIKTAS ISTANBUL,VALENCIA BASKET
8,1,2026-09-25 17:00:00,FALSE,P013383,0,0,BES,32,"GABRIEL, WENYEN",Wenyen Gabriel,15:00,6,2,2,0,0,2,2,0,2,2,0,0,0,1,0,3,1,7,10,BESIKTAS ISTANBUL,VALENCIA BASKET
8,1,2026-09-25 17:00:00,FALSE,P004554,1,0,BES,41,"ZIZIC, ANTE",Ante Zizic,15:48,4,1,1,0,0,2,3,4,3,7,0,1,0,0,0,0,3,14,-16,BESIKTAS ISTANBUL,VALENCIA BASKET
8,1,2026-09-25 17:00:00,FALSE,P012608,1,1,PAM,0,"SHORTS, TJ",Tj Shorts,23:33,26,9,17,2,3,2,2,0,1,1,2,1,2,0,1,3,5,20,8,VALENCIA BASKET,BESIKTAS ISTANBUL
8,1,2026-09-25 17:00:00,FALSE,P011217,1,1,PAM,1,"TAYLOR, KAMERON",Kameron Taylor,23:37,12,3,5,1,1,3,5,1,6,7,2,0,1,0,0,3,4,17,10,VALENCIA BASKET,BESIKTAS ISTANBUL
8,1,2026-09-25 17:00:00,FALSE,P006643,0,0,PAM,2,"PUERTO, JOSEP",Josep Puerto,11:19,0,0,0,0,0,0,0,0,1,1,1,0,1,0,0,0,0,1,-10,VALENCIA BASKET,BESIKTAS ISTANBUL
8,1,2026-09-25 17:00:00,FALSE,P012738,1,0,PAM,3,"REUVERS, NATHAN",Nathan Reuvers,21:05,5,1,3,1,2,0,0,3,0,3,0,1,2,0,0,2,1,3,-11,VALENCIA BASKET,BESIKTAS ISTANBUL
8,1,2026-09-25 17:00:00,FALSE,P011706,1,0,PAM,5,"SAINT-SUPERY, MARIO",Mario Saint-Supery,16:26,7,1,2,1,2,2,2,0,1,1,3,2,3,0,0,2,4,10,9,VALENCIA BASKET,BESIKTAS ISTANBUL
8,1,2026-09-25 17:00:00,FALSE,P014741,0,0,PAM,7,"CARDENAS, ALVARO",Alvaro Cardenas,09:39,0,0,0,0,1,0,0,0,0,0,3,0,1,0,0,1,1,1,0,VALENCIA BASKET,BESIKTAS ISTANBUL
8,1,2026-09-25 17:00:00,FALSE,P010581,1,1,PAM,8,"OSETKOWSKI, DYLAN",Dylan Osetkowski,17:44,1,0,1,0,1,1,1,1,4,5,0,1,0,0,0,3,0,2,13,VALENCIA BASKET,BESIKTAS ISTANBUL
8,1,2026-09-25 17:00:00,FALSE,P014115,0,0,PAM,10,"MOORE, OMARI",Omari Moore,12:50,2,1,5,0,1,0,0,3,2,5,2,0,0,0,0,1,0,3,-9,VALENCIA BASKET,BESIKTAS ISTANBUL
8,1,2026-09-25 17:00:00,FALSE,P013384,0,1,PAM,12,"BROOKS, ARMONI",Armoni Brooks,23:22,10,2,5,2,6,0,0,1,4,5,3,0,2,0,1,1,0,7,-8,VALENCIA BASKET,BESIKTAS ISTANBUL
8,1,2026-09-25 17:00:00,FALSE,P010545,0,0,PAM,13,"SAKO, NEAL",Neal Sako,11:23,10,4,4,0,0,2,2,0,2,2,2,0,0,0,0,4,3,13,2,VALENCIA BASKET,BESIKTAS ISTANBUL
8,1,2026-09-25 17:00:00,FALSE,P000796,0,0,PAM,33,"MIROTIC, NIKOLA",Nikola Mirotic,13:45,13,2,3,1,3,6,6,1,2,3,0,1,0,0,0,2,5,17,2,VALENCIA BASKET,BESIKTAS ISTANBUL
8,1,2026-09-25 17:00:00,FALSE,P011214,0,1,PAM,41,"RIVERO, JASIEL",Jasiel Rivero,15:17,10,2,4,1,1,3,3,2,1,3,0,0,1,0,1,2,3,10,4,VALENCIA BASKET,BESIKTAS ISTANBUL
9,1,2026-09-25 17:45:00,FALSE,P009863,0,0,ULK,2,"BALDWIN IV, WADE",Wade Baldwin IV,23:16,12,3,4,0,4,6,8,0,4,4,6,0,4,0,0,2,4,13,14,FENERBAHCE TARFIN ISTANBUL,VIRTUS BOLOGNA
9,1,2026-09-25 17:45:00,FALSE,P002849,0,1,ULK,4,"MELLI, NICOLO",Nicolo Melli,24:56,4,2,4,0,1,0,0,1,4,5,1,2,2,3,1,3,2,8,5,FENERBAHCE TARFIN ISTANBUL,VIRTUS BOLOGNA
9,1,2026-09-25 17:45:00,FALSE,P002968,1,0,ULK,5,"SANLI, SERTAC",Sertac Sanli,10:01,5,0,0,1,3,2,2,0,3,3,0,0,0,0,0,3,1,4,4,FENERBAHCE TARFIN ISTANBUL,VIRTUS BOLOGNA
9,1,2026-09-25 17:45:00,FALSE,P014124,1,1,ULK,8,"HORTON TUCKER, TALEN",Talen Horton Tucker,22:56,13,1,4,2,3,5,5,0,3,3,1,1,2,0,0,3,6,15,6,FENERBAHCE TARFIN ISTANBUL,VIRTUS BOLOGNA
9,1,2026-09-25 17:45:00,FALSE,P014733,0,0,ULK,9,"JUZANG, JOHNNY",Johnny Juzang,DNP,0,0,0,0,0,0,0,0,0,0,0,0,0,0,0,0,0,0,0,FENERBAHCE TARFIN ISTANBUL,VIRTUS BOLOGNA
9,1,2026-09-25 17:45:00,FALSE,P013367,1,1,ULK,11,"FORREST, TRENT",Trent Forrest,25:19,4,2,4,0,3,0,0,3,2,5,3,1,1,0,0,1,1,7,12,FENERBAHCE TARFIN ISTANBUL,VIRTUS BOLOGNA
9,1,2026-09-25 17:45:00,FALSE,P014168,1,1,ULK,12,"KEY, BRAXTON",Braxton Key,24:48,11,4,5,0,0,3,6,3,7,10,3,1,1,0,0,1,3,22,2,FENERBAHCE TARFIN ISTANBUL,VIRTUS BOLOGNA
9,1,2026-09-25 17:45:00,FALSE,P007929,0,0,ULK,17,"BITIM, ONURALP",Onuralp Bitim,DNP,0,0,0,0,0,0,0,0,0,0,0,0,0,0,0,0,0,0,0,FENERBAHCE TARFIN ISTANBUL,VIRTUS BOLOGNA
9,1,2026-09-25 17:45:00,FALSE,P004888,0,0,ULK,21,"CLYBURN, WILL",Will Clyburn,19:06,8,2,5,0,3,4,4,0,3,3,1,2,0,0,1,0,3,10,7,FENERBAHCE TARFIN ISTANBUL,VIRTUS BOLOGNA
9,1,2026-09-25 17:45:00,FALSE,P014220,0,0,ULK,30,"SILVA, CHRIS",Chris Silva,06:30,3,1,1,0,0,1,2,1,1,2,0,0,2,0,0,3,1,0,1,FENERBAHCE TARFIN ISTANBUL,VIRTUS BOLOGNA
9,1,2026-09-25 17:45:00,FALSE,P007831,1,1,ULK,31,"SHIELDS, SHAVON",Shavon Shields,26:49,12,4,6,0,2,4,5,0,2,2,3,1,0,0,0,2,3,14,-7,FENERBAHCE TARFIN ISTANBUL,VIRTUS BOLOGNA
9,1,2026-09-25 17:45:00,FALSE,P006896,0,0,ULK,43,"SARGIUNAS, IGNAS",Ignas Sargiunas,16:19,6,2,2,0,2,2,2,0,1,1,0,0,1,0,0,1,1,4,6,FENERBAHCE TARFIN ISTANBUL,VIRTUS BOLOGNA
9,1,2026-09-25 17:45:00,FALSE,P014802,0,0,VIR,0,"BELLO, RASHEED",Rasheed Bello,12:43,6,3,6,0,3,0,0,0,1,1,0,1,3,0,1,4,2,-4,-6,VIRTUS BOLOGNA,FENERBAHCE TARFIN ISTANBUL
9,1,2026-09-25 17:45:00,FALSE,P015029,0,1,VIR,1,"FRAZIER, TRENT",Trent Frazier,17:20,8,2,5,0,7,4,4,0,2,2,3,0,3,0,1,1,4,2,-10,VIRTUS BOLOGNA,FENERBAHCE TARFIN ISTANBUL
9,1,2026-09-25 17:45:00,FALSE,P012707,1,1,VIR,2,"CARR, MARCUS",Marcus Carr,20:00,12,4,9,1,4,1,2,0,0,0,4,0,2,0,1,3,3,4,3,VIRTUS BOLOGNA,FENERBAHCE TARFIN ISTANBUL
9,1,2026-09-25 17:45:00,FALSE,P014737,1,1,VIR,8,"MOORE, WENDELL",Wendell Moore,25:46,9,3,4,1,5,0,0,1,6,7,1,0,0,0,0,2,1,11,-1,VIRTUS BOLOGNA,FENERBAHCE TARFIN ISTANBUL
9,1,2026-09-25 17:45:00,FALSE,P014416,0,1,VIR,9,"EDWARDS, KESSLER",Kessler Edwards,23:54,2,1,1,0,0,0,0,1,6,7,1,0,0,1,0,1,2,12,-18,VIRTUS BOLOGNA,FENERBAHCE TARFIN ISTANBUL
9,1,2026-09-25 17:45:00,FALSE,P006707,0,0,VIR,11,"BALDASSO, TOMMASO",Tommaso Baldasso,DNP,0,0,0,0,0,0,0,0,0,0,0,0,0,0,0,0,0,0,0,VIRTUS BOLOGNA,FENERBAHCE TARFIN ISTANBUL
9,1,2026-09-25 17:45:00,FALSE,P014005,1,1,VIR,21,"ALSTON JR., DERRICK",Derrick Alston Jr.,25:53,10,2,5,2,5,0,0,0,2,2,1,0,1,0,0,3,1,4,-11,VIRTUS BOLOGNA,FENERBAHCE TARFIN ISTANBUL
9,1,2026-09-25 17:45:00,FALSE,P001844,0,0,VIR,23,"HACKETT, DANIEL",Daniel Hackett,15:05,0,0,0,0,1,0,0,1,3,4,1,0,1,0,0,2,0,1,-10,VIRTUS BOLOGNA,FENERBAHCE TARFIN ISTANBUL
9,1,2026-09-25 17:45:00,FALSE,P014219,0,0,VIR,24,"FERRARI, FRANCESCO",Francesco Ferrari,03:58,2,1,1,0,0,0,0,1,0,1,0,0,0,0,0,0,0,3,5,VIRTUS BOLOGNA,FENERBAHCE TARFIN ISTANBUL
9,1,2026-09-25 17:45:00,FALSE,P014108,1,0,VIR,31,"DIARRA, ALIOU",Aliou Diarra,21:44,8,3,5,0,0,2,2,0,1,1,1,0,0,1,0,1,2,10,7,VIRTUS BOLOGNA,FENERBAHCE TARFIN ISTANBUL
9,1,2026-09-25 17:45:00,FALSE,P014738,1,0,VIR,34,"KLINTMAN, BO",Bo Klintman,21:00,4,2,2,0,1,0,0,1,3,4,2,0,1,0,0,5,0,3,6,VIRTUS BOLOGNA,FENERBAHCE TARFIN ISTANBUL
9,1,2026-09-25 17:45:00,FALSE,P013374,0,0,VIR,35,"DIOUF, MOUHAMET",Mouhamet Diouf,12:37,7,1,2,0,0,5,6,2,1,3,0,1,1,0,0,3,4,9,-15,VIRTUS BOLOGNA,FENERBAHCE TARFIN ISTANBUL
10,1,2026-09-25 18:45:00,FALSE,P011924,0,0,PAR,0,"ALLMAN, KYLE",Kyle Allman,16:10,8,4,5,0,1,0,1,0,2,2,1,0,1,0,0,2,1,6,10,PARTIZAN MOZZART BET BELGRADE,ARMANI OLIMPIA MILAN
10,1,2026-09-25 18:45:00,FALSE,P013369,1,1,PAR,1,"JONES, CARLIK",Carlik Jones,26:52,20,2,5,4,6,4,4,2,2,4,10,0,0,0,0,1,5,33,9,PARTIZAN MOZZART BET BELGRADE,ARMANI OLIMPIA MILAN
10,1,2026-09-25 18:45:00,FALSE,P007947,0,0,PAR,3,"VILDOZA, LUCA",Luca Vildoza,17:16,7,0,0,2,5,1,2,0,1,1,3,4,2,0,0,2,2,9,11,PARTIZAN MOZZART BET BELGRADE,ARMANI OLIMPIA MILAN
10,1,2026-09-25 18:45:00,FALSE,P014742,1,0,PAR,5,"THOMPSON, ETHAN",Ethan Thompson,11:36,5,1,2,1,3,0,0,1,0,1,0,0,1,0,0,3,0,-1,3,PARTIZAN MOZZART BET BELGRADE,ARMANI OLIMPIA MILAN
10,1,2026-09-25 18:45:00,FALSE,P007632,0,0,PAR,7,"NAKIC, MARIO",Mario Nakic,DNP,0,0,0,0,0,0,0,0,0,0,0,0,0,0,0,0,0,0,0,PARTIZAN MOZZART BET BELGRADE,ARMANI OLIMPIA MILAN
10,1,2026-09-25 18:45:00,FALSE,P005637,0,0,PAR,10,"TANASKOVIC, NIKOLA",Nikola Tanaskovic,23:02,7,3,6,0,0,1,2,4,2,6,0,1,0,0,1,1,1,9,9,PARTIZAN MOZZART BET BELGRADE,ARMANI OLIMPIA MILAN
10,1,2026-09-25 18:45:00,FALSE,P014009,1,1,PAR,11,"STEVENS, LAMAR",Lamar Stevens,23:33,11,5,9,0,1,1,1,0,5,5,0,2,0,0,0,0,1,14,4,PARTIZAN MOZZART BET BELGRADE,ARMANI OLIMPIA MILAN
10,1,2026-09-25 18:45:00,FALSE,P010390,1,1,PAR,13,"HAYES, KEVARRIUS",Kevarrius Hayes,16:38,10,5,6,0,0,0,0,1,2,3,1,0,0,2,0,4,1,12,13,PARTIZAN MOZZART BET BELGRADE,ARMANI OLIMPIA MILAN
10,1,2026-09-25 18:45:00,FALSE,P007736,0,1,PAR,19,"LAKIC, ARIJAN",Arijan Lakic,20:55,7,0,0,2,4,1,2,0,1,1,0,0,1,0,0,3,2,3,8,PARTIZAN MOZZART BET BELGRADE,ARMANI OLIMPIA MILAN
10,1,2026-09-25 18:45:00,FALSE,P009733,0,0,PAR,23,"JEKIRI, TONYE",Tonye Jekiri,20:18,7,2,3,0,0,3,4,0,1,1,3,3,2,1,0,1,4,14,3,PARTIZAN MOZZART BET BELGRADE,ARMANI OLIMPIA MILAN
10,1,2026-09-25 18:45:00,FALSE,P009664,1,0,PAR,35,"WILLIS, DEREK",Derek Willis,03:09,3,0,0,1,1,0,0,0,1,1,0,0,0,1,0,0,0,5,4,PARTIZAN MOZZART BET BELGRADE,ARMANI OLIMPIA MILAN
10,1,2026-09-25 18:45:00,FALSE,P006739,0,1,PAR,66,"PAJOLA, ALESSANDRO",Alessandro Pajola,20:31,7,1,2,1,3,2,2,0,4,4,3,2,2,0,0,1,3,13,6,PARTIZAN MOZZART BET BELGRADE,ARMANI OLIMPIA MILAN
10,1,2026-09-25 18:45:00,FALSE,P014782,0,1,MIL,0,"BURNELL, JASON",Jason Burnell,11:54,3,0,1,1,2,0,0,0,1,1,1,1,0,0,0,4,0,0,-6,ARMANI OLIMPIA MILAN,PARTIZAN MOZZART BET BELGRADE
10,1,2026-09-25 18:45:00,FALSE,P013929,1,0,MIL,2,"COLE, RJ",Rj Cole,08:13,0,0,0,0,1,0,0,0,0,0,0,0,2,0,0,3,0,-6,-7,ARMANI OLIMPIA MILAN,PARTIZAN MOZZART BET BELGRADE
10,1,2026-09-25 18:45:00,FALSE,P012878,1,0,MIL,5,"WRIGHT, MOSES",Moses Wright,27:29,6,2,4,0,1,2,3,2,5,7,3,0,4,0,0,2,3,9,-7,ARMANI OLIMPIA MILAN,PARTIZAN MOZZART BET BELGRADE
10,1,2026-09-25 18:45:00,FALSE,P006509,0,0,MIL,7,"TONUT, STEFANO",Stefano Tonut,DNP,0,0,0,0,0,0,0,0,0,0,0,0,0,0,0,0,0,0,0,ARMANI OLIMPIA MILAN,PARTIZAN MOZZART BET BELGRADE
10,1,2026-09-25 18:45:00,FALSE,P008985,0,0,MIL,10,"BOLMARO, LEANDRO",Leandro Bolmaro,23:57,1,0,3,0,0,1,2,0,2,2,2,0,1,1,0,2,2,1,-9,ARMANI OLIMPIA MILAN,PARTIZAN MOZZART BET BELGRADE
10,1,2026-09-25 18:45:00,FALSE,P011078,0,1,MIL,13,"THOMPSON, DARIUS",Darius Thompson,21:23,7,3,4,0,2,1,1,0,0,0,2,1,2,0,0,3,1,3,-7,ARMANI OLIMPIA MILAN,PARTIZAN MOZZART BET BELGRADE
10,1,2026-09-25 18:45:00,FALSE,P001518,0,1,MIL,17,"RICCI, GIAMPAOLO",Giampaolo Ricci,05:57,3,0,0,1,1,0,0,0,2,2,0,0,0,0,0,0,1,6,-8,ARMANI OLIMPIA MILAN,PARTIZAN MOZZART BET BELGRADE
10,1,2026-09-25 18:45:00,FALSE,P005670,0,1,MIL,21,"FLACCADORI, DIEGO",Diego Flaccadori,03:22,0,0,0,0,0,0,0,0,0,0,0,0,1,0,0,0,0,-1,1,ARMANI OLIMPIA MILAN,PARTIZAN MOZZART BET BELGRADE
10,1,2026-09-25 18:45:00,FALSE,P011205,1,0,MIL,22,"HALL, DEVON",Devon Hall,27:52,13,2,5,3,6,0,0,1,4,5,3,0,1,0,1,0,3,16,-4,ARMANI OLIMPIA MILAN,PARTIZAN MOZZART BET BELGRADE
10,1,2026-09-25 18:45:00,FALSE,P004004,1,0,MIL,23,"GUDURIC, MARKO",Marko Guduric,29:20,17,4,7,3,6,0,0,0,3,3,5,0,2,0,1,1,0,15,-20,ARMANI OLIMPIA MILAN,PARTIZAN MOZZART BET BELGRADE
10,1,2026-09-25 18:45:00,FALSE,P008829,1,1,MIL,25,"PETERS, ALEC",Alec Peters,30:10,17,3,5,2,2,5,5,1,1,2,1,0,1,0,2,2,8,21,-3,ARMANI OLIMPIA MILAN,PARTIZAN MOZZART BET BELGRADE
10,1,2026-09-25 18:45:00,FALSE,P007056,0,0,MIL,31,"BOOKER, DEVIN",Devin Booker,10:23,9,3,5,1,2,0,0,1,2,3,0,0,1,0,0,2,0,6,-10,ARMANI OLIMPIA MILAN,PARTIZAN MOZZART BET BELGRADE
13,2,2026-09-29 16:00:00,FALSE,P011212,1,1,DUB,0,"OKOBO, ELIE",Elie Okobo,27:42,9,1,3,0,2,7,8,0,2,2,6,0,1,0,0,2,4,13,9,DUBAI BASKETBALL,FC BARCELONA
13,2,2026-09-29 16:00:00,FALSE,P011286,1,1,DUB,3,"BACON, DWAYNE",Dwayne Bacon,26:14,14,1,3,1,6,9,9,0,7,7,1,1,3,0,0,1,7,19,7,DUBAI BASKETBALL,FC BARCELONA
13,2,2026-09-29 16:00:00,FALSE,P011231,1,1,DUB,4,"BLOSSOMGAME, JARON",Jaron Blossomgame,22:43,10,5,6,0,1,0,2,1,1,2,0,1,1,1,0,1,1,9,4,DUBAI BASKETBALL,FC BARCELONA
13,2,2026-09-29 16:00:00,FALSE,P014731,0,0,DUB,6,"MINTZ, DAVION",Davion Mintz,12:12,3,1,2,0,1,1,1,1,0,1,2,0,1,0,0,1,2,4,-2,DUBAI BASKETBALL,FC BARCELONA
13,2,2026-09-29 16:00:00,FALSE,P003458,0,0,DUB,8,"BERTANS, DAVIS",Davis Bertans,13:46,3,0,0,1,3,0,0,0,2,2,0,0,0,0,0,1,1,3,0,DUBAI BASKETBALL,FC BARCELONA
13,2,2026-09-29 16:00:00,FALSE,P014031,0,0,DUB,11,"KONDIC, KOSTA",Kosta Kondic,DNP,0,0,0,0,0,0,0,0,0,0,0,0,0,0,0,0,0,0,0,DUBAI BASKETBALL,FC BARCELONA
13,2,2026-09-29 16:00:00,FALSE,P012796,1,1,DUB,17,"KABENGELE, MFIONDU",Mfiondu Kabengele,24:41,21,5,8,3,3,2,2,3,3,6,0,0,1,1,0,1,1,24,-4,DUBAI BASKETBALL,FC BARCELONA
13,2,2026-09-29 16:00:00,FALSE,P014027,0,0,DUB,21,"DIAKITE, MAMADI",Mamadi Diakite,15:25,7,1,1,1,2,2,2,0,0,0,2,1,2,2,1,2,1,7,11,DUBAI BASKETBALL,FC BARCELONA
13,2,2026-09-29 16:00:00,FALSE,P001133,0,0,DUB,23,"SHENGELIA, TORNIKE",Tornike Shengelia,10:38,4,2,3,0,0,0,0,0,2,2,1,0,2,0,0,2,1,3,-3,DUBAI BASKETBALL,FC BARCELONA
13,2,2026-09-29 16:00:00,FALSE,P012606,1,1,DUB,25,"WRIGHT IV, MCKINLEY",Mckinley Wright IV,27:29,14,3,3,2,3,2,2,1,1,2,3,0,2,0,0,2,2,16,3,DUBAI BASKETBALL,FC BARCELONA
13,2,2026-09-29 16:00:00,FALSE,P011194,0,0,DUB,30,"PETRUSEV, FILIP",Filip Petrusev,06:39,4,1,2,0,0,2,2,0,2,2,0,0,0,0,0,0,1,6,6,DUBAI BASKETBALL,FC BARCELONA
13,2,2026-09-29 16:00:00,FALSE,P008855,0,0,DUB,44,"WALKUP, THOMAS",Thomas Walkup,12:31,5,1,1,1,3,0,0,0,3,3,4,0,0,0,0,1,1,10,4,DUBAI BASKETBALL,FC BARCELONA
13,2,2026-09-29 16:00:00,FALSE,P009862,1,0,BAR,0,"PUNTER, KEVIN",Kevin Punter,25:41,25,8,10,3,6,0,0,3,2,5,2,1,0,0,0,3,3,28,-1,FC BARCELONA,DUBAI BASKETBALL
13,2,2026-09-29 16:00:00,FALSE,P013855,0,1,BAR,1,"GIBSON, UMOJA",Umoja Gibson,25:20,12,3,4,2,6,0,0,1,1,2,2,3,2,0,0,2,2,12,-5,FC BARCELONA,DUBAI BASKETBALL
13,2,2026-09-29 16:00:00,FALSE,P015138,0,1,BAR,2,"MARTIN, TYRESE",Tyrese Martin,25:24,9,3,5,1,7,0,0,1,4,5,0,0,0,0,1,1,0,4,-3,FC BARCELONA,DUBAI BASKETBALL
13,2,2026-09-29 16:00:00,FALSE,P015139,0,0,BAR,3,"UMUDE, STANLEY",Stanley Umude,12:59,8,2,4,1,2,1,2,2,1,3,1,2,0,1,0,1,2,12,-5,FC BARCELONA,DUBAI BASKETBALL
13,2,2026-09-29 16:00:00,FALSE,P014008,1,0,BAR,5,"ROBINSON, JUSTIN",Justin Robinson,14:40,7,0,2,2,5,1,2,0,1,1,5,0,0,0,1,4,3,5,-2,FC BARCELONA,DUBAI BASKETBALL
13,2,2026-09-29 16:00:00,FALSE,P009992,0,0,BAR,8,"BRIZUELA, DARIO",Dario Brizuela,17:34,0,0,1,0,3,0,0,0,1,1,1,0,2,0,0,4,0,-8,-2,FC BARCELONA,DUBAI BASKETBALL
13,2,2026-09-29 16:00:00,FALSE,P010062,0,0,BAR,10,"UBAL, AGUSTIN",Agustin Ubal,DNP,0,0,0,0,0,0,0,0,0,0,0,0,0,0,0,0,0,0,0,FC BARCELONA,DUBAI BASKETBALL
13,2,2026-09-29 16:00:00,FALSE,P015140,0,1,BAR,13,"NKAMHOUA, OLIVIER",Olivier Nkamhoua,19:54,8,4,4,0,3,0,0,1,0,1,1,0,0,0,0,3,0,4,8,FC BARCELONA,DUBAI BASKETBALL
13,2,2026-09-29 16:00:00,FALSE,P010106,0,0,BAR,17,"NUNEZ, JUAN",Juan Nunez,DNP,0,0,0,0,0,0,0,0,0,0,0,0,0,0,0,0,0,0,0,FC BARCELONA,DUBAI BASKETBALL
13,2,2026-09-29 16:00:00,FALSE,P007553,1,0,BAR,22,"BALCEROWSKI, OLEK",Olek Balcerowski,20:06,10,3,5,0,0,4,4,2,1,3,2,1,0,0,0,1,2,15,-15,FC BARCELONA,DUBAI BASKETBALL
13,2,2026-09-29 16:00:00,FALSE,P015142,1,1,BAR,24,"MINAYA, JUSTIN",Justin Minaya,11:21,0,0,0,0,0,0,0,0,0,0,0,1,0,0,0,2,0,-1,-8,FC BARCELONA,DUBAI BASKETBALL
13,2,2026-09-29 16:00:00,FALSE,P007464,1,1,BAR,44,"PARRA, JOEL",Joel Parra,27:01,8,1,4,2,4,0,0,1,2,3,1,1,0,0,2,1,2,7,-2,FC BARCELONA,DUBAI BASKETBALL
14,2,2026-09-29 17:00:00,FALSE,P012720,0,1,ZAL,0,"BROWN, STERLING",Sterling Brown,23:05,20,4,5,4,6,0,0,0,0,0,0,1,3,1,0,1,0,15,-10,ZALGIRIS KAUNAS,OLYMPIACOS PIRAEUS
14,2,2026-09-29 17:00:00,FALSE,P011987,1,1,ZAL,3,"EDWARDS, CARSEN",Carsen Edwards,27:09,16,4,10,2,3,2,2,0,1,1,4,1,2,0,0,1,7,19,-3,ZALGIRIS KAUNAS,OLYMPIACOS PIRAEUS
14,2,2026-09-29 17:00:00,FALSE,P007513,1,0,ZAL,9,"GIEDRAITIS, DOVYDAS",Dovydas Giedraitis,18:10,0,0,0,0,1,0,0,0,1,1,2,0,2,0,0,2,0,-2,-11,ZALGIRIS KAUNAS,OLYMPIACOS PIRAEUS
14,2,2026-09-29 17:00:00,FALSE,P008192,1,1,ZAL,10,"TUBELIS, AZUOLAS",Azuolas Tubelis,27:05,19,9,13,0,1,1,2,3,4,7,3,1,1,0,0,3,2,22,3,ZALGIRIS KAUNAS,OLYMPIACOS PIRAEUS
14,2,2026-09-29 17:00:00,FALSE,P007032,0,0,ZAL,12,"LO, MAODO",Maodo Lo,14:13,0,0,1,0,3,0,0,1,2,3,1,0,2,0,0,2,0,-4,1,ZALGIRIS KAUNAS,OLYMPIACOS PIRAEUS
14,2,2026-09-29 17:00:00,FALSE,P011927,0,0,ZAL,14,"SLEVA, DUSTIN",Dustin Sleva,06:06,0,0,0,0,0,0,0,1,0,1,1,0,0,0,0,1,0,1,-5,ZALGIRIS KAUNAS,OLYMPIACOS PIRAEUS
14,2,2026-09-29 17:00:00,FALSE,P000898,1,1,ZAL,17,"VALANCIUNAS, JONAS",Jonas Valanciunas,23:48,11,3,6,1,1,2,2,2,4,6,7,1,3,1,0,3,4,21,13,ZALGIRIS KAUNAS,OLYMPIACOS PIRAEUS
14,2,2026-09-29 17:00:00,FALSE,P008186,0,0,ZAL,22,"BLAZEVIC, MAREK",Marek Blazevic,15:49,4,2,5,0,0,0,0,3,2,5,0,1,1,0,1,2,0,3,-15,ZALGIRIS KAUNAS,OLYMPIACOS PIRAEUS
14,2,2026-09-29 17:00:00,FALSE,P002328,0,1,ZAL,40,"GRIGONIS, MARIUS",Marius Grigonis,18:43,9,0,0,3,7,0,0,2,3,5,2,2,0,0,0,2,0,12,11,ZALGIRIS KAUNAS,OLYMPIACOS PIRAEUS
14,2,2026-09-29 17:00:00,FALSE,P002676,1,0,ZAL,51,"BUTKEVICIUS, ARNAS",Arnas Butkevicius,12:27,7,2,2,1,2,0,0,0,1,1,1,1,0,0,0,3,1,7,2,ZALGIRIS KAUNAS,OLYMPIACOS PIRAEUS
14,2,2026-09-29 17:00:00,FALSE,P007029,0,0,ZAL,91,"SIRVYDIS, DEIVIDAS",Deividas Sirvydis,03:51,5,1,2,1,1,0,0,0,0,0,0,0,2,0,1,0,0,1,-3,ZALGIRIS KAUNAS,OLYMPIACOS PIRAEUS
14,2,2026-09-29 17:00:00,FALSE,P002329,0,0,ZAL,92,"ULANOVAS, EDGARAS",Edgaras Ulanovas,09:34,0,0,0,0,1,0,0,0,1,1,4,1,0,0,0,2,1,4,7,ZALGIRIS KAUNAS,OLYMPIACOS PIRAEUS
14,2,2026-09-29 17:00:00,FALSE,P009048,1,0,OLY,0,"MILLER-MCINTYRE, CODI",Codi Miller-Mcintyre,12:42,4,2,2,0,2,0,0,0,1,1,6,0,2,0,0,2,0,5,-7,OLYMPIACOS PIRAEUS,ZALGIRIS KAUNAS
14,2,2026-09-29 17:00:00,FALSE,P012610,1,1,OLY,3,"WARD, TYSON",Tyson Ward,31:32,10,1,2,2,3,2,2,1,4,5,1,1,1,0,0,4,3,13,-3,OLYMPIACOS PIRAEUS,ZALGIRIS KAUNAS
14,2,2026-09-29 17:00:00,FALSE,P010042,0,1,OLY,8,"MONTERO, JEAN",Jean Montero,27:20,15,5,8,0,3,5,5,2,1,3,7,1,2,0,1,0,4,21,9,OLYMPIACOS PIRAEUS,ZALGIRIS KAUNAS
14,2,2026-09-29 17:00:00,FALSE,P010091,0,0,OLY,9,"PLOTAS, NIKOLAOS",Nikolaos Plotas,DNP,0,0,0,0,0,0,0,0,0,0,0,0,0,0,0,0,0,0,0,OLYMPIACOS PIRAEUS,ZALGIRIS KAUNAS
14,2,2026-09-29 17:00:00,FALSE,P003469,1,1,OLY,14,"VEZENKOV, SASHA",Sasha Vezenkov,24:39,18,8,10,0,0,2,3,3,5,8,1,1,1,0,0,0,2,26,1,OLYMPIACOS PIRAEUS,ZALGIRIS KAUNAS
14,2,2026-09-29 17:00:00,FALSE,P001255,0,0,OLY,16,"PAPANIKOLAOU, KOSTAS",Kostas Papanikolaou,08:28,2,1,1,0,0,0,0,1,1,2,2,1,2,0,0,0,0,5,5,OLYMPIACOS PIRAEUS,ZALGIRIS KAUNAS
14,2,2026-09-29 17:00:00,FALSE,P009849,1,0,OLY,22,"DORSEY, TYLER",Tyler Dorsey,19:53,10,3,4,1,7,1,2,1,1,2,1,2,2,0,0,0,3,8,-2,OLYMPIACOS PIRAEUS,ZALGIRIS KAUNAS
14,2,2026-09-29 17:00:00,FALSE,P012731,0,0,OLY,24,"NDIAYE, MBAYE",Mbaye Ndiaye,18:36,9,3,3,0,0,3,4,0,0,0,0,2,1,0,0,1,3,11,0,OLYMPIACOS PIRAEUS,ZALGIRIS KAUNAS
14,2,2026-09-29 17:00:00,FALSE,P003048,0,0,OLY,42,"DUNSTON, BRYANT",Bryant Dunston,DNP,0,0,0,0,0,0,0,0,0,0,0,0,0,0,0,0,0,0,0,OLYMPIACOS PIRAEUS,ZALGIRIS KAUNAS
14,2,2026-09-29 17:00:00,FALSE,P011196,0,1,OLY,45,"HALL, DONTA",Donta Hall,20:45,1,0,2,0,0,1,2,2,1,3,3,1,0,2,1,3,2,5,5,OLYMPIACOS PIRAEUS,ZALGIRIS KAUNAS
14,2,2026-09-29 17:00:00,FALSE,P011981,1,0,OLY,88,"JONES, TYRIQUE",Tyrique Jones,15:56,5,1,3,0,0,3,4,0,0,0,1,0,1,0,0,3,2,1,-2,OLYMPIACOS PIRAEUS,ZALGIRIS KAUNAS
14,2,2026-09-29 17:00:00,FALSE,P013380,0,1,OLY,94,"FOURNIER, EVAN",Evan Fournier,20:09,19,4,7,2,5,5,6,0,1,1,0,1,2,0,0,2,3,13,4,OLYMPIACOS PIRAEUS,ZALGIRIS KAUNAS
11,2,2026-09-29 17:00:00,FALSE,P009754,0,1,IST,3,"LOYD, JORDAN",Jordan Loyd,17:10,12,2,4,2,3,2,2,1,3,4,1,0,0,0,1,3,2,12,-3,ANADOLU EFES ISTANBUL,REAL MADRID
11,2,2026-09-29 17:00:00,FALSE,P005368,0,0,IST,4,"YUSTA, SANTI",Santi Yusta,07:18,3,0,1,1,1,0,0,0,0,0,1,0,0,0,1,1,0,1,15,ANADOLU EFES ISTANBUL,REAL MADRID
11,2,2026-09-29 17:00:00,FALSE,P003112,1,1,IST,5,"SARIC, DARIO",Dario Saric,22:04,10,2,4,1,3,3,3,1,2,3,4,0,2,0,0,3,2,10,11,ANADOLU EFES ISTANBUL,REAL MADRID
11,2,2026-09-29 17:00:00,FALSE,P013943,0,0,IST,11,"RUSSELL, DARON",Daron Russell,08:10,5,1,3,1,2,0,0,0,1,1,1,1,1,0,0,1,1,4,12,ANADOLU EFES ISTANBUL,REAL MADRID
11,2,2026-09-29 17:00:00,FALSE,P012742,1,1,IST,15,"DOZIER, PJ",Pj Dozier,18:08,18,4,7,2,3,4,4,1,0,1,3,2,2,0,0,2,2,18,12,ANADOLU EFES ISTANBUL,REAL MADRID
11,2,2026-09-29 17:00:00,FALSE,P012609,0,0,IST,17,"MALCOLM, COLLIN",Collin Malcolm,15:47,2,0,0,0,1,2,2,0,0,0,0,1,0,0,0,1,1,2,-12,ANADOLU EFES ISTANBUL,REAL MADRID
11,2,2026-09-29 17:00:00,FALSE,P013667,1,0,IST,20,"FERNANDO, BRUNO",Bruno Fernando,18:35,8,4,4,0,0,0,0,1,3,4,0,0,1,0,0,4,3,10,-5,ANADOLU EFES ISTANBUL,REAL MADRID
11,2,2026-09-29 17:00:00,FALSE,P012710,0,0,IST,24,"OSMANI, ERCAN",Ercan Osmani,19:56,5,2,4,0,2,1,1,0,0,0,0,0,0,0,0,1,2,2,-1,ANADOLU EFES ISTANBUL,REAL MADRID
11,2,2026-09-29 17:00:00,FALSE,P008099,1,1,IST,32,"STRAZEL, MATTHEW",Matthew Strazel,23:32,14,1,5,2,5,6,7,0,3,3,4,1,2,0,3,3,5,11,3,ANADOLU EFES ISTANBUL,REAL MADRID
11,2,2026-09-29 17:00:00,FALSE,P006372,0,0,IST,33,"YILMAZ, ERKAN",Erkan Yilmaz,DNP,0,0,0,0,0,0,0,0,0,0,0,0,0,0,0,0,0,0,0,ANADOLU EFES ISTANBUL,REAL MADRID
11,2,2026-09-29 17:00:00,FALSE,P005985,1,1,IST,55,"JAMES, MIKE",Mike James,31:20,12,4,9,1,5,1,2,0,2,2,4,3,1,0,0,2,5,13,10,ANADOLU EFES ISTANBUL,REAL MADRID
11,2,2026-09-29 17:00:00,FALSE,P014102,0,0,IST,88,"JONES, KAI",Kai Jones,18:00,5,2,3,0,0,1,1,1,2,3,0,3,1,2,0,0,1,12,8,ANADOLU EFES ISTANBUL,REAL MADRID
11,2,2026-09-29 17:00:00,FALSE,P015244,1,1,MAD,1,"SMITH JR, NICK",Nick Smith Jr,13:29,10,1,1,1,2,5,6,2,0,2,1,1,2,1,0,4,3,10,-7,REAL MADRID,ANADOLU EFES ISTANBUL
11,2,2026-09-29 17:00:00,FALSE,P012080,0,0,MAD,3,"LUWAWU-CABARROT, TIMOTHE",Timothe Luwawu-Cabarrot,10:48,0,0,3,0,2,0,0,0,0,0,0,0,2,0,0,3,0,-10,-5,REAL MADRID,ANADOLU EFES ISTANBUL
11,2,2026-09-29 17:00:00,FALSE,P010393,1,0,MAD,4,"PRADILLA, JAIME",Jaime Pradilla,10:29,4,1,1,0,1,2,2,0,1,1,2,1,0,0,0,1,2,8,-7,REAL MADRID,ANADOLU EFES ISTANBUL
11,2,2026-09-29 17:00:00,FALSE,P003733,0,0,MAD,6,"ABALDE, ALBERTO",Alberto Abalde,12:11,3,0,1,1,1,0,0,1,2,3,3,0,0,0,0,2,0,6,-3,REAL MADRID,ANADOLU EFES ISTANBUL
11,2,2026-09-29 17:00:00,FALSE,P005928,1,1,MAD,7,"CAMPAZZO, FACUNDO",Facundo Campazzo,22:55,16,4,6,2,4,2,2,2,1,3,3,0,5,0,0,0,3,16,-11,REAL MADRID,ANADOLU EFES ISTANBUL
11,2,2026-09-29 17:00:00,FALSE,P014006,0,1,MAD,8,"OKEKE, CHUMA",Chuma Okeke,20:05,11,1,1,3,6,0,0,0,4,4,1,0,1,1,0,0,1,14,7,REAL MADRID,ANADOLU EFES ISTANBUL
11,2,2026-09-29 17:00:00,FALSE,P007027,0,1,MAD,12,"MALEDON, THEO",Theo Maledon,20:27,9,2,3,0,3,5,6,2,2,4,5,0,4,0,1,2,6,12,-6,REAL MADRID,ANADOLU EFES ISTANBUL
11,2,2026-09-29 17:00:00,FALSE,P009005,1,0,MAD,14,"DECK, GABRIEL",Gabriel Deck,21:53,2,1,1,0,0,0,0,0,3,3,1,0,1,0,0,2,0,3,-2,REAL MADRID,ANADOLU EFES ISTANBUL
11,2,2026-09-29 17:00:00,FALSE,P012613,0,1,MAD,20,"JANTUNEN, MIKAEL",Mikael Jantunen,18:43,7,1,3,1,6,2,2,1,2,3,2,0,0,0,0,3,3,5,-17,REAL MADRID,ANADOLU EFES ISTANBUL
11,2,2026-09-29 17:00:00,FALSE,P005791,1,0,MAD,22,"TAVARES, WALTER",Walter Tavares,22:04,8,4,4,0,0,0,0,2,5,7,0,1,3,2,0,1,0,14,-8,REAL MADRID,ANADOLU EFES ISTANBUL
11,2,2026-09-29 17:00:00,FALSE,P011247,0,0,MAD,24,"FELIZ, ANDRES",Andres Feliz,18:17,10,2,4,1,1,3,4,0,3,3,5,1,2,1,1,2,3,15,4,REAL MADRID,ANADOLU EFES ISTANBUL
11,2,2026-09-29 17:00:00,FALSE,P015103,0,0,MAD,30,"JONES, DAMIAN",Damian Jones,08:39,4,2,4,0,0,0,0,0,0,0,0,0,0,0,0,4,0,-2,5,REAL MADRID,ANADOLU EFES ISTANBUL
17,2,2026-09-29 17:45:00,FALSE,P013506,0,1,ULK,1,"BINGHAM, MARCUS",Marcus Bingham,15:42,12,3,3,2,4,0,1,0,3,3,0,2,1,1,0,2,3,15,14,FENERBAHCE TARFIN ISTANBUL,FC BAYERN MUNICH
17,2,2026-09-29 17:45:00,FALSE,P009863,0,0,ULK,2,"BALDWIN IV, WADE",Wade Baldwin IV,17:14,13,2,3,3,4,0,0,1,3,4,8,2,2,0,0,2,1,22,25,FENERBAHCE TARFIN ISTANBUL,FC BAYERN MUNICH
17,2,2026-09-29 17:45:00,FALSE,P002849,0,0,ULK,4,"MELLI, NICOLO",Nicolo Melli,18:34,11,1,1,3,4,0,0,0,3,3,1,0,0,0,0,1,1,14,4,FENERBAHCE TARFIN ISTANBUL,FC BAYERN MUNICH
17,2,2026-09-29 17:45:00,FALSE,P002968,1,1,ULK,5,"SANLI, SERTAC",Sertac Sanli,13:54,10,2,3,2,4,0,0,0,1,1,1,0,0,0,1,2,0,6,17,FENERBAHCE TARFIN ISTANBUL,FC BAYERN MUNICH
17,2,2026-09-29 17:45:00,FALSE,P014124,1,0,ULK,8,"HORTON TUCKER, TALEN",Talen Horton Tucker,19:27,19,5,9,2,5,3,3,2,3,5,4,0,0,1,0,0,3,25,16,FENERBAHCE TARFIN ISTANBUL,FC BAYERN MUNICH
17,2,2026-09-29 17:45:00,FALSE,P014733,0,1,ULK,9,"JUZANG, JOHNNY",Johnny Juzang,13:16,8,3,3,0,2,2,2,0,1,1,0,0,1,0,0,2,2,6,-5,FENERBAHCE TARFIN ISTANBUL,FC BAYERN MUNICH
17,2,2026-09-29 17:45:00,FALSE,P013367,1,0,ULK,11,"FORREST, TRENT",Trent Forrest,18:48,4,0,1,1,1,1,2,1,1,2,3,0,0,0,0,0,1,8,-3,FENERBAHCE TARFIN ISTANBUL,FC BAYERN MUNICH
17,2,2026-09-29 17:45:00,FALSE,P014168,1,0,ULK,12,"KEY, BRAXTON",Braxton Key,21:15,2,1,3,0,0,0,0,4,1,5,1,0,2,0,1,3,0,0,14,FENERBAHCE TARFIN ISTANBUL,FC BAYERN MUNICH
17,2,2026-09-29 17:45:00,FALSE,P004888,0,0,ULK,21,"CLYBURN, WILL",Will Clyburn,18:09,7,1,2,1,4,2,2,0,1,1,2,1,1,0,0,2,3,7,3,FENERBAHCE TARFIN ISTANBUL,FC BAYERN MUNICH
17,2,2026-09-29 17:45:00,FALSE,P014220,0,0,ULK,30,"SILVA, CHRIS",Chris Silva,08:39,2,1,3,0,0,0,0,0,0,0,0,0,2,1,0,3,1,-3,-2,FENERBAHCE TARFIN ISTANBUL,FC BAYERN MUNICH
17,2,2026-09-29 17:45:00,FALSE,P007831,1,1,ULK,31,"SHIELDS, SHAVON",Shavon Shields,17:43,3,1,2,0,1,1,1,0,3,3,0,1,1,0,1,1,1,3,13,FENERBAHCE TARFIN ISTANBUL,FC BAYERN MUNICH
17,2,2026-09-29 17:45:00,FALSE,P006896,0,1,ULK,43,"SARGIUNAS, IGNAS",Ignas Sargiunas,17:19,9,3,4,1,1,0,0,1,1,2,5,1,1,0,0,1,0,14,24,FENERBAHCE TARFIN ISTANBUL,FC BAYERN MUNICH
17,2,2026-09-29 17:45:00,FALSE,P014134,1,0,MUN,0,"NORRIS, MILES",Miles Norris,12:56,3,0,1,1,3,0,0,0,1,1,1,0,0,0,0,0,0,2,-8,FC BAYERN MUNICH,FENERBAHCE TARFIN ISTANBUL
17,2,2026-09-29 17:45:00,FALSE,P011244,0,0,MUN,1,"DA SILVA, OSCAR",Oscar Da Silva,16:53,4,2,2,0,3,0,0,0,2,2,1,0,0,1,0,2,1,4,-5,FC BAYERN MUNICH,FENERBAHCE TARFIN ISTANBUL
17,2,2026-09-29 17:45:00,FALSE,P014732,1,1,MUN,3,"BEAUCHAMP, MARJON",Marjon Beauchamp,20:58,7,3,4,0,3,1,1,0,2,2,3,1,1,0,0,1,2,9,-16,FC BAYERN MUNICH,FENERBAHCE TARFIN ISTANBUL
17,2,2026-09-29 17:45:00,FALSE,P013370,0,0,MUN,4,"WASHINGTON, DUANE",Duane Washington,17:46,20,5,6,3,6,1,2,0,0,0,2,2,2,0,1,2,2,16,-5,FC BAYERN MUNICH,FENERBAHCE TARFIN ISTANBUL
17,2,2026-09-29 17:45:00,FALSE,P007201,0,0,MUN,7,"VOIGTMANN, JOHANNES",Johannes Voigtmann,15:28,1,0,0,0,0,1,2,1,4,5,2,0,0,0,0,0,1,8,8,FC BAYERN MUNICH,FENERBAHCE TARFIN ISTANBUL
17,2,2026-09-29 17:45:00,FALSE,P013290,0,0,MUN,10,"JESSUP, JUSTINIAN",Justinian Jessup,11:43,4,1,2,0,2,2,2,2,0,2,2,0,3,0,0,2,1,1,2,FC BAYERN MUNICH,FENERBAHCE TARFIN ISTANBUL
17,2,2026-09-29 17:45:00,FALSE,P001288,0,0,MUN,11,"LUCIC, VLADIMIR",Vladimir Lucic,18:36,2,1,1,0,1,0,0,1,1,2,0,0,1,0,0,1,1,2,-9,FC BAYERN MUNICH,FENERBAHCE TARFIN ISTANBUL
17,2,2026-09-29 17:45:00,FALSE,P004508,1,1,MUN,13,"OBST, ANDREAS",Andreas Obst,21:38,8,0,0,2,3,2,2,0,0,0,0,0,1,0,1,2,2,5,-19,FC BAYERN MUNICH,FENERBAHCE TARFIN ISTANBUL
17,2,2026-09-29 17:45:00,FALSE,P009513,1,0,MUN,21,"HOLLATZ, JUSTUS",Justus Hollatz,11:28,2,1,1,0,0,0,0,1,1,2,0,0,2,0,0,3,1,0,-9,FC BAYERN MUNICH,FENERBAHCE TARFIN ISTANBUL
17,2,2026-09-29 17:45:00,FALSE,P007519,0,1,MUN,31,"JOKUBAITIS, ROKAS",Rokas Jokubaitis,19:04,12,2,3,1,4,5,7,0,1,1,3,0,0,0,1,1,5,13,-18,FC BAYERN MUNICH,FENERBAHCE TARFIN ISTANBUL
17,2,2026-09-29 17:45:00,FALSE,P003958,0,1,MUN,32,"THIEMANN, JOHANNES",Johannes Thiemann,16:54,5,2,4,0,2,1,1,2,3,5,1,0,0,0,0,0,3,10,-18,FC BAYERN MUNICH,FENERBAHCE TARFIN ISTANBUL
17,2,2026-09-29 17:45:00,FALSE,P013278,1,1,MUN,50,"WILEY, AUSTIN",Austin Wiley,16:36,8,4,6,0,0,0,0,0,5,5,0,0,4,2,0,2,0,7,-23,FC BAYERN MUNICH,FENERBAHCE TARFIN ISTANBUL
12,2,2026-09-29 18:00:00,FALSE,P011157,1,0,RED,0,"MOTLEY, JOHNATHAN",Johnathan Motley,16:05,2,1,3,0,0,0,0,3,3,6,1,0,4,0,1,3,2,1,0,CRVENA ZVEZDA MERIDIANBET BELGRADE,HAPOEL IBI TEL AVIV
12,2,2026-09-29 18:00:00,FALSE,P010568,1,0,RED,1,"JONES, CHRIS",Chris Jones,17:34,6,2,3,0,3,2,2,0,1,1,4,0,2,0,0,2,3,6,-13,CRVENA ZVEZDA MERIDIANBET BELGRADE,HAPOEL IBI TEL AVIV
12,2,2026-09-29 18:00:00,FALSE,P014094,0,0,RED,2,"MILJENOVIC, STEFAN",Stefan Miljenovic,05:27,3,0,1,1,1,0,0,0,0,0,0,0,1,0,1,2,1,-1,4,CRVENA ZVEZDA MERIDIANBET BELGRADE,HAPOEL IBI TEL AVIV
12,2,2026-09-29 18:00:00,FALSE,P010391,0,1,RED,3,"WEILER-BABB, NICK",Nick Weiler-Babb,16:59,2,1,2,0,2,0,0,1,5,6,6,0,1,0,0,3,0,7,8,CRVENA ZVEZDA MERIDIANBET BELGRADE,HAPOEL IBI TEL AVIV
12,2,2026-09-29 18:00:00,FALSE,P014163,0,1,RED,6,"BUTLER, JARED",Jared Butler,18:46,19,3,5,4,7,1,1,1,1,2,2,0,0,1,1,3,2,17,9,CRVENA ZVEZDA MERIDIANBET BELGRADE,HAPOEL IBI TEL AVIV
12,2,2026-09-29 18:00:00,FALSE,P011305,1,0,RED,11,"CARTER, TYSON",Tyson Carter,19:07,12,3,5,2,4,0,0,0,2,2,3,0,0,0,1,0,0,12,-7,CRVENA ZVEZDA MERIDIANBET BELGRADE,HAPOEL IBI TEL AVIV
12,2,2026-09-29 18:00:00,FALSE,P004007,0,0,RED,13,"DOBRIC, OGNJEN",Ognjen Dobric,10:36,5,1,2,1,2,0,0,0,0,0,0,0,1,0,0,2,1,1,2,CRVENA ZVEZDA MERIDIANBET BELGRADE,HAPOEL IBI TEL AVIV
12,2,2026-09-29 18:00:00,FALSE,P014029,0,0,RED,15,"IZUNDU, EBUKA",Ebuka Izundu,16:54,5,2,7,0,0,1,2,5,4,9,0,0,0,0,0,3,1,6,-7,CRVENA ZVEZDA MERIDIANBET BELGRADE,HAPOEL IBI TEL AVIV
12,2,2026-09-29 18:00:00,FALSE,P013363,1,1,RED,33,"NWORA, JORDAN",Jordan Nwora,23:39,13,3,7,0,3,7,9,0,5,5,1,1,1,0,0,2,6,14,-2,CRVENA ZVEZDA MERIDIANBET BELGRADE,HAPOEL IBI TEL AVIV
12,2,2026-09-29 18:00:00,FALSE,P011982,1,1,RED,37,"OJELEYE, SEMI",Semi Ojeleye,27:15,4,1,2,0,2,2,2,3,5,8,3,1,1,1,1,3,3,12,-3,CRVENA ZVEZDA MERIDIANBET BELGRADE,HAPOEL IBI TEL AVIV
12,2,2026-09-29 18:00:00,FALSE,P006482,0,0,RED,44,"KRAMER, DAVID",David Kramer,09:21,0,0,1,0,1,0,0,0,1,1,0,0,1,0,0,2,0,-4,-8,CRVENA ZVEZDA MERIDIANBET BELGRADE,HAPOEL IBI TEL AVIV
12,2,2026-09-29 18:00:00,FALSE,P012201,0,1,RED,95,"MONEKE, CHIMA",Chima Moneke,18:17,9,3,3,0,3,3,4,2,5,7,1,0,0,0,0,4,3,12,12,CRVENA ZVEZDA MERIDIANBET BELGRADE,HAPOEL IBI TEL AVIV
12,2,2026-09-29 18:00:00,FALSE,P015152,0,0,HTA,1,"GERMAN, EUGENE",Eugene German,03:07,2,1,1,0,0,0,0,0,1,1,0,0,0,0,0,0,0,3,-1,HAPOEL IBI TEL AVIV,CRVENA ZVEZDA MERIDIANBET BELGRADE
12,2,2026-09-29 18:00:00,FALSE,P013402,0,1,HTA,2,"BLAKENEY, ANTONIO",Antonio Blakeney,25:26,12,2,5,1,6,5,6,0,2,2,1,1,0,0,0,2,3,8,5,HAPOEL IBI TEL AVIV,CRVENA ZVEZDA MERIDIANBET BELGRADE
12,2,2026-09-29 18:00:00,FALSE,P009846,1,1,HTA,3,"BRYANT, ELIJAH",Elijah Bryant,36:37,18,3,8,1,3,9,9,1,9,10,4,4,2,0,0,3,7,31,1,HAPOEL IBI TEL AVIV,CRVENA ZVEZDA MERIDIANBET BELGRADE
12,2,2026-09-29 18:00:00,FALSE,P008912,0,0,HTA,5,"CARRINGTON, KHADEEN",Khadeen Carrington,01:03,0,0,0,0,0,0,0,0,0,0,0,0,0,0,0,1,0,-1,5,HAPOEL IBI TEL AVIV,CRVENA ZVEZDA MERIDIANBET BELGRADE
12,2,2026-09-29 18:00:00,FALSE,P004846,0,0,HTA,10,"TIMOR, BAR",Bar Timor,DNP,0,0,0,0,0,0,0,0,0,0,0,0,0,0,0,0,0,0,0,HAPOEL IBI TEL AVIV,CRVENA ZVEZDA MERIDIANBET BELGRADE
12,2,2026-09-29 18:00:00,FALSE,P013284,0,1,HTA,12,"WAINRIGHT, ISH",Ish Wainright,17:19,5,0,1,1,3,2,2,2,0,2,0,1,0,1,0,2,2,6,-7,HAPOEL IBI TEL AVIV,CRVENA ZVEZDA MERIDIANBET BELGRADE
12,2,2026-09-29 18:00:00,FALSE,P002939,1,1,HTA,13,"SATORANSKY, TOMAS",Tomas Satoransky,22:19,8,2,4,1,1,1,2,1,2,3,3,0,0,0,0,4,1,8,-5,HAPOEL IBI TEL AVIV,CRVENA ZVEZDA MERIDIANBET BELGRADE
12,2,2026-09-29 18:00:00,FALSE,P008987,1,0,HTA,16,"LEDAY, ZACH",Zach Leday,21:54,12,2,4,2,3,2,2,1,3,4,0,0,2,0,0,3,5,13,13,HAPOEL IBI TEL AVIV,CRVENA ZVEZDA MERIDIANBET BELGRADE
12,2,2026-09-29 18:00:00,FALSE,P011823,0,0,HTA,21,"ODIASE, TAI",Tai Odiase,20:47,8,3,5,0,0,2,2,1,0,1,0,0,1,1,1,1,3,8,8,HAPOEL IBI TEL AVIV,CRVENA ZVEZDA MERIDIANBET BELGRADE
12,2,2026-09-29 18:00:00,FALSE,P002580,1,0,HTA,22,"MICIC, VASILIJE",Vasilije Micic,32:15,11,1,3,3,14,0,2,0,6,6,4,0,1,0,1,3,4,5,-7,HAPOEL IBI TEL AVIV,CRVENA ZVEZDA MERIDIANBET BELGRADE
12,2,2026-09-29 18:00:00,FALSE,P012788,1,1,HTA,25,"OTURU, DAN",Dan Oturu,19:13,5,2,5,0,0,1,5,3,3,6,0,1,0,3,0,3,4,9,-7,HAPOEL IBI TEL AVIV,CRVENA ZVEZDA MERIDIANBET BELGRADE
12,2,2026-09-29 18:00:00,FALSE,P012096,0,0,HTA,51,"CABOCLO, BRUNO",Bruno Caboclo,DNP,0,0,0,0,0,0,0,0,0,0,0,0,0,0,0,0,0,0,0,HAPOEL IBI TEL AVIV,CRVENA ZVEZDA MERIDIANBET BELGRADE
16,2,2026-09-29 18:30:00,FALSE,P014782,0,0,MIL,0,"BURNELL, JASON",Jason Burnell,16:53,6,3,8,0,1,0,0,5,5,10,2,1,0,1,0,2,0,12,6,ARMANI OLIMPIA MILAN,VIRTUS BOLOGNA
16,2,2026-09-29 18:30:00,FALSE,P013929,0,0,MIL,2,"COLE, RJ",Rj Cole,15:53,11,3,4,1,5,2,2,0,2,2,3,0,2,0,1,3,3,8,5,ARMANI OLIMPIA MILAN,VIRTUS BOLOGNA
16,2,2026-09-29 18:30:00,FALSE,P012878,1,1,MIL,5,"WRIGHT, MOSES",Moses Wright,26:09,11,4,5,0,0,3,4,4,3,7,0,0,2,0,0,2,4,16,1,ARMANI OLIMPIA MILAN,VIRTUS BOLOGNA
16,2,2026-09-29 18:30:00,FALSE,P006509,0,0,MIL,7,"TONUT, STEFANO",Stefano Tonut,DNP,0,0,0,0,0,0,0,0,0,0,0,0,0,0,0,0,0,0,0,ARMANI OLIMPIA MILAN,VIRTUS BOLOGNA
16,2,2026-09-29 18:30:00,FALSE,P008985,0,1,MIL,10,"BOLMARO, LEANDRO",Leandro Bolmaro,20:15,5,1,3,1,4,0,2,1,3,4,1,1,2,1,2,1,2,2,7,ARMANI OLIMPIA MILAN,VIRTUS BOLOGNA
16,2,2026-09-29 18:30:00,FALSE,P011078,1,0,MIL,13,"THOMPSON, DARIUS",Darius Thompson,20:57,12,3,4,2,4,0,0,0,0,0,2,2,1,0,0,0,0,12,-4,ARMANI OLIMPIA MILAN,VIRTUS BOLOGNA
16,2,2026-09-29 18:30:00,FALSE,P001518,0,0,MIL,17,"RICCI, GIAMPAOLO",Giampaolo Ricci,DNP,0,0,0,0,0,0,0,0,0,0,0,0,0,0,0,0,0,0,0,ARMANI OLIMPIA MILAN,VIRTUS BOLOGNA
16,2,2026-09-29 18:30:00,FALSE,P011205,1,1,MIL,22,"HALL, DEVON",Devon Hall,22:55,12,2,5,2,2,2,2,0,1,1,1,0,1,0,0,3,3,10,-4,ARMANI OLIMPIA MILAN,VIRTUS BOLOGNA
16,2,2026-09-29 18:30:00,FALSE,P004004,1,1,MIL,23,"GUDURIC, MARKO",Marko Guduric,26:34,14,4,5,2,7,0,0,3,1,4,2,1,0,0,1,3,2,13,-3,ARMANI OLIMPIA MILAN,VIRTUS BOLOGNA
16,2,2026-09-29 18:30:00,FALSE,P014783,0,0,MIL,24,"MATHEWS, GARRISON",Garrison Mathews,13:26,6,0,0,2,4,0,0,0,0,0,0,0,1,0,0,2,2,3,5,ARMANI OLIMPIA MILAN,VIRTUS BOLOGNA
16,2,2026-09-29 18:30:00,FALSE,P008829,1,1,MIL,25,"PETERS, ALEC",Alec Peters,23:07,7,2,7,0,3,3,3,1,4,5,0,0,1,0,0,2,3,4,-4,ARMANI OLIMPIA MILAN,VIRTUS BOLOGNA
16,2,2026-09-29 18:30:00,FALSE,P007056,0,0,MIL,31,"BOOKER, DEVIN",Devin Booker,13:51,3,1,3,0,0,1,2,0,6,6,1,1,1,0,0,2,2,7,1,ARMANI OLIMPIA MILAN,VIRTUS BOLOGNA
16,2,2026-09-29 18:30:00,FALSE,P014802,0,0,VIR,0,"BELLO, RASHEED",Rasheed Bello,09:22,8,0,1,2,4,2,2,0,1,1,0,0,1,0,0,2,2,5,0,VIRTUS BOLOGNA,ARMANI OLIMPIA MILAN
16,2,2026-09-29 18:30:00,FALSE,P015029,1,0,VIR,1,"FRAZIER, TRENT",Trent Frazier,24:08,7,1,2,1,4,2,2,1,4,5,5,2,0,0,0,3,3,15,2,VIRTUS BOLOGNA,ARMANI OLIMPIA MILAN
16,2,2026-09-29 18:30:00,FALSE,P012707,1,0,VIR,2,"CARR, MARCUS",Marcus Carr,22:55,10,3,9,1,3,1,2,0,2,2,9,1,1,0,2,1,2,11,7,VIRTUS BOLOGNA,ARMANI OLIMPIA MILAN
16,2,2026-09-29 18:30:00,FALSE,P014737,1,0,VIR,8,"MOORE, WENDELL",Wendell Moore,23:05,12,4,6,0,1,4,5,1,2,3,0,1,2,0,0,4,4,10,5,VIRTUS BOLOGNA,ARMANI OLIMPIA MILAN
16,2,2026-09-29 18:30:00,FALSE,P014416,1,1,VIR,9,"EDWARDS, KESSLER",Kessler Edwards,25:54,6,0,0,2,3,0,0,0,6,6,1,1,1,0,0,1,2,13,2,VIRTUS BOLOGNA,ARMANI OLIMPIA MILAN
16,2,2026-09-29 18:30:00,FALSE,P006707,0,0,VIR,11,"BALDASSO, TOMMASO",Tommaso Baldasso,12:58,6,3,3,0,1,0,0,0,2,2,3,0,1,0,0,1,0,8,-2,VIRTUS BOLOGNA,ARMANI OLIMPIA MILAN
16,2,2026-09-29 18:30:00,FALSE,P014005,1,1,VIR,21,"ALSTON JR., DERRICK",Derrick Alston Jr.,19:40,10,2,5,1,6,3,3,0,0,0,0,1,0,0,0,1,3,5,-6,VIRTUS BOLOGNA,ARMANI OLIMPIA MILAN
16,2,2026-09-29 18:30:00,FALSE,P001844,0,1,VIR,23,"HACKETT, DANIEL",Daniel Hackett,08:30,0,0,1,0,0,0,0,1,0,1,1,0,1,0,0,3,0,-3,-7,VIRTUS BOLOGNA,ARMANI OLIMPIA MILAN
16,2,2026-09-29 18:30:00,FALSE,P014219,0,0,VIR,24,"FERRARI, FRANCESCO",Francesco Ferrari,00:21,0,0,0,0,0,0,0,0,0,0,0,0,0,0,0,0,0,0,-2,VIRTUS BOLOGNA,ARMANI OLIMPIA MILAN
16,2,2026-09-29 18:30:00,FALSE,P014108,0,1,VIR,31,"DIARRA, ALIOU",Aliou Diarra,23:11,15,6,9,0,0,3,4,2,5,7,0,1,1,4,0,3,3,22,-2,VIRTUS BOLOGNA,ARMANI OLIMPIA MILAN
16,2,2026-09-29 18:30:00,FALSE,P014738,0,1,VIR,34,"KLINTMAN, BO",Bo Klintman,19:22,7,2,3,1,2,0,0,3,2,5,1,1,1,0,0,2,0,9,-4,VIRTUS BOLOGNA,ARMANI OLIMPIA MILAN
16,2,2026-09-29 18:30:00,FALSE,P013374,0,0,VIR,35,"DIOUF, MOUHAMET",Mouhamet Diouf,10:34,4,2,3,0,0,0,0,0,0,0,0,0,0,0,0,2,0,1,-3,VIRTUS BOLOGNA,ARMANI OLIMPIA MILAN
15,2,2026-09-29 18:30:00,FALSE,P012608,1,0,PAM,0,"SHORTS, TJ",Tj Shorts,18:52,12,5,8,0,0,2,2,0,0,0,10,1,1,0,0,2,3,20,19,VALENCIA BASKET,KOSNER BASKONIA VITORIA-GASTEIZ
15,2,2026-09-29 18:30:00,FALSE,P011217,1,0,PAM,1,"TAYLOR, KAMERON",Kameron Taylor,18:05,6,3,3,0,0,0,0,0,4,4,3,2,1,1,0,2,0,13,23,VALENCIA BASKET,KOSNER BASKONIA VITORIA-GASTEIZ
15,2,2026-09-29 18:30:00,FALSE,P006643,0,0,PAM,2,"PUERTO, JOSEP",Josep Puerto,17:00,13,1,2,3,5,2,2,1,1,2,0,0,0,1,0,2,2,13,0,VALENCIA BASKET,KOSNER BASKONIA VITORIA-GASTEIZ
15,2,2026-09-29 18:30:00,FALSE,P012738,1,0,PAM,3,"REUVERS, NATHAN",Nathan Reuvers,10:57,7,2,4,0,1,3,3,2,0,2,1,1,1,0,0,2,2,7,16,VALENCIA BASKET,KOSNER BASKONIA VITORIA-GASTEIZ
15,2,2026-09-29 18:30:00,FALSE,P011706,1,1,PAM,5,"SAINT-SUPERY, MARIO",Mario Saint-Supery,16:27,3,0,3,1,3,0,0,1,1,2,0,0,1,0,0,2,1,-2,5,VALENCIA BASKET,KOSNER BASKONIA VITORIA-GASTEIZ
15,2,2026-09-29 18:30:00,FALSE,P010581,0,1,PAM,8,"OSETKOWSKI, DYLAN",Dylan Osetkowski,19:26,12,2,2,2,3,2,2,1,6,7,1,1,0,0,0,1,1,20,13,VALENCIA BASKET,KOSNER BASKONIA VITORIA-GASTEIZ
15,2,2026-09-29 18:30:00,FALSE,P014115,0,1,PAM,10,"MOORE, OMARI",Omari Moore,19:50,10,4,9,0,0,2,3,3,0,3,6,0,2,0,1,0,2,12,3,VALENCIA BASKET,KOSNER BASKONIA VITORIA-GASTEIZ
15,2,2026-09-29 18:30:00,FALSE,P013384,0,0,PAM,12,"BROOKS, ARMONI",Armoni Brooks,18:15,17,2,2,4,7,1,2,0,1,1,2,3,1,0,0,2,2,18,18,VALENCIA BASKET,KOSNER BASKONIA VITORIA-GASTEIZ
15,2,2026-09-29 18:30:00,FALSE,P010545,0,1,PAM,13,"SAKO, NEAL",Neal Sako,17:13,4,2,5,0,0,0,2,1,4,5,2,0,3,1,1,1,2,4,8,VALENCIA BASKET,KOSNER BASKONIA VITORIA-GASTEIZ
15,2,2026-09-29 18:30:00,FALSE,P014740,0,1,PAM,20,"CORBALAN, GONZALO",Gonzalo Corbalan,11:41,4,1,3,0,2,2,2,1,0,1,0,0,0,0,2,1,2,0,1,VALENCIA BASKET,KOSNER BASKONIA VITORIA-GASTEIZ
15,2,2026-09-29 18:30:00,FALSE,P000796,1,0,PAM,33,"MIROTIC, NIKOLA",Nikola Mirotic,16:09,13,2,2,2,5,3,3,1,3,4,1,1,0,0,0,0,1,17,4,VALENCIA BASKET,KOSNER BASKONIA VITORIA-GASTEIZ
15,2,2026-09-29 18:30:00,FALSE,P011214,0,0,PAM,41,"RIVERO, JASIEL",Jasiel Rivero,16:05,10,2,6,1,1,3,3,1,2,3,1,0,1,1,1,3,4,10,5,VALENCIA BASKET,KOSNER BASKONIA VITORIA-GASTEIZ
15,2,2026-09-29 18:30:00,FALSE,P011948,0,0,BAS,0,"HOWARD, MARKUS",Markus Howard,10:24,5,1,4,1,4,0,0,0,0,0,0,0,2,0,1,2,1,-5,-16,KOSNER BASKONIA VITORIA-GASTEIZ,VALENCIA BASKET
15,2,2026-09-29 18:30:00,FALSE,P014734,0,0,BAS,1,"LAWSON, A.J.",A.j. Lawson,22:28,13,2,3,2,5,3,4,0,2,2,2,0,0,0,0,3,4,13,-19,KOSNER BASKONIA VITORIA-GASTEIZ,VALENCIA BASKET
15,2,2026-09-29 18:30:00,FALSE,P014152,0,0,BAS,2,"SIMMONS, KOBI",Kobi Simmons,11:02,0,0,1,0,1,0,0,0,2,2,1,0,0,1,0,1,0,1,-7,KOSNER BASKONIA VITORIA-GASTEIZ,VALENCIA BASKET
15,2,2026-09-29 18:30:00,FALSE,P012700,1,1,BAS,3,"STEWART, DJ",Dj Stewart,22:49,14,6,7,0,1,2,2,2,0,2,4,1,2,0,0,0,1,18,-14,KOSNER BASKONIA VITORIA-GASTEIZ,VALENCIA BASKET
15,2,2026-09-29 18:30:00,FALSE,P014735,1,1,BAS,5,"DUARTE, CHRIS",Chris Duarte,21:10,9,2,7,1,4,2,2,1,2,3,0,1,2,0,1,3,4,3,-1,KOSNER BASKONIA VITORIA-GASTEIZ,VALENCIA BASKET
15,2,2026-09-29 18:30:00,FALSE,P014107,0,1,BAS,6,"JOKSIMOVIC, STEFAN",Stefan Joksimovic,08:15,2,1,3,0,0,0,0,1,2,3,4,1,0,1,1,2,1,7,3,KOSNER BASKONIA VITORIA-GASTEIZ,VALENCIA BASKET
15,2,2026-09-29 18:30:00,FALSE,P005713,1,0,BAS,7,"KURUCS, RODIONS",Rodions Kurucs,15:05,0,0,0,0,2,0,0,1,7,8,3,0,3,0,0,5,2,3,-2,KOSNER BASKONIA VITORIA-GASTEIZ,VALENCIA BASKET
15,2,2026-09-29 18:30:00,FALSE,P007230,1,0,BAS,8,"SEDEKERSKIS, TADAS",Tadas Sedekerskis,22:08,16,8,8,0,3,0,0,3,4,7,0,0,0,0,0,1,0,19,-23,KOSNER BASKONIA VITORIA-GASTEIZ,VALENCIA BASKET
15,2,2026-09-29 18:30:00,FALSE,P008173,0,1,BAS,10,"SPAGNOLO, MATTEO",Matteo Spagnolo,21:03,5,1,2,1,5,0,0,0,1,1,5,1,2,0,1,1,1,4,2,KOSNER BASKONIA VITORIA-GASTEIZ,VALENCIA BASKET
15,2,2026-09-29 18:30:00,FALSE,P014736,1,0,BAS,12,"BAUGH, DAMION",Damion Baugh,14:26,4,2,3,0,2,0,1,0,1,1,4,2,3,0,0,2,1,3,-20,KOSNER BASKONIA VITORIA-GASTEIZ,VALENCIA BASKET
15,2,2026-09-29 18:30:00,FALSE,P014026,0,1,BAS,25,"FRISCH, CLEMENT",Clement Frisch,07:41,5,1,1,0,0,3,4,1,1,2,0,0,0,0,0,1,2,7,-5,KOSNER BASKONIA VITORIA-GASTEIZ,VALENCIA BASKET
15,2,2026-09-29 18:30:00,FALSE,P011284,0,0,BAS,35,"FARIED, KENNETH",Kenneth Faried,23:29,15,6,8,1,1,0,0,3,2,5,0,1,2,3,0,1,1,20,-13,KOSNER BASKONIA VITORIA-GASTEIZ,VALENCIA BASKET
18,2,2026-09-29 18:45:00,FALSE,P015168,1,0,PRS,1,"WARREN, TJ",Tj Warren,18:14,14,4,5,2,4,0,0,0,3,3,0,2,0,1,0,2,0,15,-17,PARIS BASKETBALL,PARTIZAN MOZZART BET BELGRADE
18,2,2026-09-29 18:45:00,FALSE,P012640,1,0,PRS,2,"HIFI, NADIR",Nadir Hifi,26:33,19,4,10,1,5,8,10,1,1,2,4,1,7,0,1,3,11,14,-5,PARIS BASKETBALL,PARTIZAN MOZZART BET BELGRADE
18,2,2026-09-29 18:45:00,FALSE,P012515,1,0,PRS,3,"TARPEY, TERRY",Terry Tarpey,13:33,0,0,0,0,0,0,0,0,2,2,3,2,0,0,0,0,1,8,-13,PARIS BASKETBALL,PARTIZAN MOZZART BET BELGRADE
18,2,2026-09-29 18:45:00,FALSE,P013373,0,1,PRS,4,"CAVALIERE, LEOPOLD",Leopold Cavaliere,14:19,4,2,2,0,1,0,0,2,1,3,2,0,0,0,0,3,1,6,-3,PARIS BASKETBALL,PARTIZAN MOZZART BET BELGRADE
18,2,2026-09-29 18:45:00,FALSE,P006591,0,0,PRS,5,"NTILIKINA, FRANK",Frank Ntilikina,10:03,3,0,1,1,3,0,0,0,2,2,0,1,1,0,0,3,0,-1,-1,PARIS BASKETBALL,PARTIZAN MOZZART BET BELGRADE
18,2,2026-09-29 18:45:00,FALSE,P012611,1,0,PRS,7,"HERRERA, SEBASTIAN",Sebastian Herrera,19:55,9,0,1,3,5,0,0,0,1,1,2,0,0,0,0,1,0,8,-17,PARIS BASKETBALL,PARTIZAN MOZZART BET BELGRADE
18,2,2026-09-29 18:45:00,FALSE,P014178,0,1,PRS,8,"RHODEN, JARED",Jared Rhoden,17:46,14,5,6,1,5,1,1,4,5,9,1,0,4,0,0,2,3,16,-1,PARIS BASKETBALL,PARTIZAN MOZZART BET BELGRADE
18,2,2026-09-29 18:45:00,FALSE,P015143,0,1,PRS,9,"ETIENNE, TYSON",Tyson Etienne,17:43,7,2,3,1,2,0,0,0,2,2,2,1,4,0,0,2,2,6,-4,PARIS BASKETBALL,PARTIZAN MOZZART BET BELGRADE
18,2,2026-09-29 18:45:00,FALSE,P014010,0,0,PRS,13,"DOKOSSI, ALLAN",Allan Dokossi,20:00,0,0,0,0,0,0,0,1,0,1,4,1,3,0,0,4,0,-1,-5,PARIS BASKETBALL,PARTIZAN MOZZART BET BELGRADE
18,2,2026-09-29 18:45:00,FALSE,P012403,1,1,PRS,15,"FAYE, MOUHAMED",Mouhamed Faye,19:35,3,1,2,0,0,1,2,1,2,3,1,0,1,3,1,1,2,7,-6,PARIS BASKETBALL,PARTIZAN MOZZART BET BELGRADE
18,2,2026-09-29 18:45:00,FALSE,P010431,0,1,PRS,20,"MORGAN, JEREMY",Jeremy Morgan,14:27,6,0,0,2,4,0,0,1,1,2,2,2,0,0,0,3,0,7,2,PARIS BASKETBALL,PARTIZAN MOZZART BET BELGRADE
18,2,2026-09-29 18:45:00,FALSE,P011949,0,0,PRS,34,"HOMMES, DAULTON",Daulton Hommes,07:52,0,0,0,0,1,0,0,0,0,0,1,0,1,0,0,1,1,-1,5,PARIS BASKETBALL,PARTIZAN MOZZART BET BELGRADE
18,2,2026-09-29 18:45:00,FALSE,P011924,0,1,PAR,0,"ALLMAN, KYLE",Kyle Allman,25:13,10,2,4,1,2,3,4,0,2,2,2,0,2,0,0,2,4,10,16,PARTIZAN MOZZART BET BELGRADE,PARIS BASKETBALL
18,2,2026-09-29 18:45:00,FALSE,P013369,1,1,PAR,1,"JONES, CARLIK",Carlik Jones,23:16,20,6,9,0,2,8,9,1,0,1,5,3,2,0,0,0,5,26,6,PARTIZAN MOZZART BET BELGRADE,PARIS BASKETBALL
18,2,2026-09-29 18:45:00,FALSE,P007947,0,0,PAR,3,"VILDOZA, LUCA",Luca Vildoza,20:24,16,6,7,1,2,1,1,0,0,0,2,6,2,1,0,2,2,21,12,PARTIZAN MOZZART BET BELGRADE,PARIS BASKETBALL
18,2,2026-09-29 18:45:00,FALSE,P014742,1,0,PAR,5,"THOMPSON, ETHAN",Ethan Thompson,09:43,3,0,3,1,2,0,0,1,1,2,1,0,0,0,1,2,0,-1,2,PARTIZAN MOZZART BET BELGRADE,PARIS BASKETBALL
18,2,2026-09-29 18:45:00,FALSE,P007632,0,0,PAR,7,"NAKIC, MARIO",Mario Nakic,04:20,0,0,1,0,1,0,0,0,1,1,0,0,0,0,0,1,0,-2,-7,PARTIZAN MOZZART BET BELGRADE,PARIS BASKETBALL
18,2,2026-09-29 18:45:00,FALSE,P005637,1,0,PAR,10,"TANASKOVIC, NIKOLA",Nikola Tanaskovic,19:07,9,3,4,0,0,3,4,1,1,2,1,1,0,0,1,1,3,12,3,PARTIZAN MOZZART BET BELGRADE,PARIS BASKETBALL
18,2,2026-09-29 18:45:00,FALSE,P014009,1,0,PAR,11,"STEVENS, LAMAR",Lamar Stevens,18:36,8,1,1,2,3,0,0,0,3,3,2,0,3,1,0,1,1,10,8,PARTIZAN MOZZART BET BELGRADE,PARIS BASKETBALL
18,2,2026-09-29 18:45:00,FALSE,P010390,1,0,PAR,13,"HAYES, KEVARRIUS",Kevarrius Hayes,14:44,2,0,3,0,0,2,4,2,2,4,1,1,1,0,2,3,2,-1,12,PARTIZAN MOZZART BET BELGRADE,PARIS BASKETBALL
18,2,2026-09-29 18:45:00,FALSE,P007736,0,1,PAR,19,"LAKIC, ARIJAN",Arijan Lakic,20:19,3,0,0,1,4,0,0,0,1,1,2,0,1,0,0,4,3,1,9,PARTIZAN MOZZART BET BELGRADE,PARIS BASKETBALL
18,2,2026-09-29 18:45:00,FALSE,P009733,0,1,PAR,23,"JEKIRI, TONYE",Tonye Jekiri,21:30,15,7,10,0,0,1,2,2,5,7,1,1,0,0,0,1,3,22,2,PARTIZAN MOZZART BET BELGRADE,PARIS BASKETBALL
18,2,2026-09-29 18:45:00,FALSE,P006739,0,1,PAR,66,"PAJOLA, ALESSANDRO",Alessandro Pajola,19:56,6,0,0,2,3,0,0,0,2,2,5,2,2,0,0,4,2,10,2,PARTIZAN MOZZART BET BELGRADE,PARIS BASKETBALL
18,2,2026-09-29 18:45:00,FALSE,P005793,0,0,PAR,95,"SY, BANDJA",Bandja Sy,02:52,0,0,0,0,0,0,0,0,0,0,0,0,0,0,0,0,0,0,0,PARTIZAN MOZZART BET BELGRADE,PARIS BASKETBALL
19,2,2026-09-30 18:05:00,FALSE,P010781,1,0,TEL,0,"LUNDBERG, IFFE",Iffe Lundberg,20:36,8,3,4,0,3,2,2,0,4,4,3,0,1,0,1,2,4,11,-1,MACCABI RAPYD TEL AVIV,BESIKTAS ISTANBUL
19,2,2026-09-30 18:05:00,FALSE,P006835,1,0,TEL,1,"HOARD, JAYLEN",Jaylen Hoard,27:19,8,3,4,0,1,2,4,0,3,3,2,1,2,1,0,1,2,10,-17,MACCABI RAPYD TEL AVIV,BESIKTAS ISTANBUL
19,2,2026-09-30 18:05:00,FALSE,P013699,1,1,TEL,2,"CLARK III, JIMMY",Jimmy Clark III,23:34,15,5,8,1,3,2,2,0,3,3,5,3,3,0,0,2,3,19,-6,MACCABI RAPYD TEL AVIV,BESIKTAS ISTANBUL
19,2,2026-09-30 18:05:00,FALSE,P014015,0,0,TEL,5,"BACOT JR., ARMANDO",Armando Bacot Jr.,DNP,0,0,0,0,0,0,0,0,0,0,0,0,0,0,0,0,0,0,0,MACCABI RAPYD TEL AVIV,BESIKTAS ISTANBUL
19,2,2026-09-30 18:05:00,FALSE,P011219,0,0,TEL,9,"SORKIN, ROMAN",Roman Sorkin,11:25,9,4,5,0,0,1,2,0,2,2,0,0,0,2,0,0,1,12,-13,MACCABI RAPYD TEL AVIV,BESIKTAS ISTANBUL
19,2,2026-09-30 18:05:00,FALSE,P014127,0,1,TEL,10,"BRISSETT, O'SHAE J",O'Shae J Brissett,18:33,8,2,2,0,0,4,7,2,1,3,2,0,2,0,0,4,4,8,-10,MACCABI RAPYD TEL AVIV,BESIKTAS ISTANBUL
19,2,2026-09-30 18:05:00,FALSE,P013381,0,0,TEL,11,"RAYMAN, WILLIAM",William Rayman,02:47,0,0,1,0,0,0,0,1,0,1,0,0,0,0,0,1,0,-1,-4,MACCABI RAPYD TEL AVIV,BESIKTAS ISTANBUL
19,2,2026-09-30 18:05:00,FALSE,P015085,0,1,TEL,17,"WALLACE, KEATON",Keaton Wallace,15:49,9,2,4,1,5,2,2,1,0,1,0,0,1,0,0,1,1,3,-8,MACCABI RAPYD TEL AVIV,BESIKTAS ISTANBUL
19,2,2026-09-30 18:05:00,FALSE,P014012,0,0,TEL,22,"LEAF, TJ",Tj Leaf,09:36,4,2,3,0,1,0,0,0,0,0,0,0,0,0,0,4,0,-2,-2,MACCABI RAPYD TEL AVIV,BESIKTAS ISTANBUL
19,2,2026-09-30 18:05:00,FALSE,P004132,1,1,TEL,23,"THEIS, DANIEL",Daniel Theis,20:23,9,0,2,1,1,6,6,1,1,2,1,2,1,0,0,2,5,14,3,MACCABI RAPYD TEL AVIV,BESIKTAS ISTANBUL
19,2,2026-09-30 18:05:00,FALSE,P011052,0,0,TEL,26,"MADAR, YAM",Yam Madar,20:49,6,1,3,0,0,4,4,0,1,1,6,0,1,0,1,3,4,10,-15,MACCABI RAPYD TEL AVIV,BESIKTAS ISTANBUL
19,2,2026-09-30 18:05:00,FALSE,P009783,1,1,TEL,50,"COLSON, BONZIE",Bonzie Colson,29:09,17,5,6,2,4,1,1,2,1,3,1,0,1,0,0,1,1,17,-7,MACCABI RAPYD TEL AVIV,BESIKTAS ISTANBUL
19,2,2026-09-30 18:05:00,FALSE,P013285,1,0,BES,1,"DOTSON, DEVON",Devon Dotson,25:37,17,2,3,3,5,4,4,0,4,4,4,0,1,0,0,4,7,24,15,BESIKTAS ISTANBUL,MACCABI RAPYD TEL AVIV
19,2,2026-09-30 18:05:00,FALSE,P013250,0,0,BES,5,"DEJULIUS, DAVID",David Dejulius,DNP,0,0,0,0,0,0,0,0,0,0,0,0,0,0,0,0,0,0,0,BESIKTAS ISTANBUL,MACCABI RAPYD TEL AVIV
19,2,2026-09-30 18:05:00,FALSE,P003783,0,1,BES,6,"UGURLU, BERK",Berk Ugurlu,14:59,2,1,1,0,1,0,0,0,0,0,1,0,3,0,0,0,0,-1,-3,BESIKTAS ISTANBUL,MACCABI RAPYD TEL AVIV
19,2,2026-09-30 18:05:00,FALSE,P009680,1,1,BES,9,"MORGAN, CONOR",Conor Morgan,22:19,13,4,4,1,4,2,2,0,3,3,3,0,2,1,0,2,2,15,8,BESIKTAS ISTANBUL,MACCABI RAPYD TEL AVIV
19,2,2026-09-30 18:05:00,FALSE,P003091,0,0,BES,11,"BIRSEN, METECAN",Metecan Birsen,08:20,0,0,0,0,1,0,0,1,2,3,1,0,0,0,0,1,0,2,10,BESIKTAS ISTANBUL,MACCABI RAPYD TEL AVIV
19,2,2026-09-30 18:05:00,FALSE,P006661,0,1,BES,12,"WILBEKIN, SCOTTIE",Scottie Wilbekin,22:51,20,3,4,4,5,2,3,0,1,1,3,0,1,0,0,4,2,18,9,BESIKTAS ISTANBUL,MACCABI RAPYD TEL AVIV
19,2,2026-09-30 18:05:00,FALSE,P014207,0,0,BES,20,"OMORUYI, EUGENE",Eugene Omoruyi,19:49,11,2,7,1,2,4,6,1,1,2,3,0,0,0,2,3,4,7,6,BESIKTAS ISTANBUL,MACCABI RAPYD TEL AVIV
19,2,2026-09-30 18:05:00,FALSE,P009025,1,1,BES,21,"BROWN, ANTHONY",Anthony Brown,30:49,20,1,1,6,7,0,0,0,5,5,3,0,1,0,0,2,0,24,10,BESIKTAS ISTANBUL,MACCABI RAPYD TEL AVIV
19,2,2026-09-30 18:05:00,FALSE,P014786,1,0,BES,24,"NOWELL, JAYLEN",Jaylen Nowell,14:52,6,2,5,0,2,2,2,0,1,1,4,1,1,1,0,3,1,5,11,BESIKTAS ISTANBUL,MACCABI RAPYD TEL AVIV
19,2,2026-09-30 18:05:00,FALSE,P005763,0,0,BES,30,"KORKMAZ, FURKAN",Furkan Korkmaz,10:54,11,1,1,2,3,3,4,0,1,1,0,0,0,0,0,1,2,11,6,BESIKTAS ISTANBUL,MACCABI RAPYD TEL AVIV
19,2,2026-09-30 18:05:00,FALSE,P013383,0,0,BES,32,"GABRIEL, WENYEN",Wenyen Gabriel,07:08,0,0,1,0,0,0,0,0,0,0,1,0,1,0,0,2,1,-2,-1,BESIKTAS ISTANBUL,MACCABI RAPYD TEL AVIV
19,2,2026-09-30 18:05:00,FALSE,P004554,1,1,BES,41,"ZIZIC, ANTE",Ante Zizic,22:22,9,4,5,0,0,1,3,2,2,4,2,0,1,0,1,3,2,9,9,BESIKTAS ISTANBUL,MACCABI RAPYD TEL AVIV
20,2,2026-09-30 18:15:00,FALSE,P011209,1,1,PAN,0,"KALAITZAKIS, PANAGIOTIS",Panagiotis Kalaitzakis,17:30,7,0,2,2,2,1,2,1,2,3,5,1,1,0,0,4,2,10,16,PANATHINAIKOS AKTOR ATHENS,LDLC ASVEL VILLEURBANNE
20,2,2026-09-30 18:15:00,FALSE,P007975,0,0,PAN,3,"FRANCISCO, SYLVAIN",Sylvain Francisco,19:36,19,4,5,3,5,2,3,0,2,2,3,0,0,1,0,1,5,25,8,PANATHINAIKOS AKTOR ATHENS,LDLC ASVEL VILLEURBANNE
20,2,2026-09-30 18:15:00,FALSE,P006544,0,1,PAN,6,"MORAITIS, DIMITRIS",Dimitris Moraitis,11:34,2,1,1,0,2,0,0,0,0,0,1,1,3,0,0,2,0,-3,-9,PANATHINAIKOS AKTOR ATHENS,LDLC ASVEL VILLEURBANNE
20,2,2026-09-30 18:15:00,FALSE,P007527,0,0,PAN,7,"BADIO, BRANCOU",Brancou Badio,18:32,5,1,3,1,3,0,0,2,0,2,3,1,1,0,0,3,0,3,8,PANATHINAIKOS AKTOR ATHENS,LDLC ASVEL VILLEURBANNE
20,2,2026-09-30 18:15:00,FALSE,P011085,0,0,PAN,17,"ROGKAVOPOULOS, NIKOLAOS",Nikolaos Rogkavopoulos,19:16,12,4,4,1,1,1,1,2,1,3,3,1,3,1,0,1,2,18,8,PANATHINAIKOS AKTOR ATHENS,LDLC ASVEL VILLEURBANNE
20,2,2026-09-30 18:15:00,FALSE,P011204,1,0,PAN,22,"GRANT, JERIAN",Jerian Grant,16:22,13,3,5,2,2,1,1,0,1,1,2,1,1,0,0,1,2,15,19,PANATHINAIKOS AKTOR ATHENS,LDLC ASVEL VILLEURBANNE
20,2,2026-09-30 18:15:00,FALSE,P003842,0,0,PAN,26,"LESSORT, MATHIAS",Mathias Lessort,20:57,12,3,6,0,0,6,10,3,5,8,3,0,0,2,0,3,7,22,8,PANATHINAIKOS AKTOR ATHENS,LDLC ASVEL VILLEURBANNE
20,2,2026-09-30 18:15:00,FALSE,P010357,1,0,PAN,28,"YABUSELE, GUERSCHON",Guerschon Yabusele,16:32,9,3,4,0,2,3,3,2,3,5,3,0,1,0,1,1,2,13,15,PANATHINAIKOS AKTOR ATHENS,LDLC ASVEL VILLEURBANNE
20,2,2026-09-30 18:15:00,FALSE,P006760,0,1,PAN,32,"BONGA, ISAAC",Isaac Bonga,18:09,2,1,2,0,1,0,0,1,2,3,0,1,1,0,0,0,0,3,13,PANATHINAIKOS AKTOR ATHENS,LDLC ASVEL VILLEURBANNE
20,2,2026-09-30 18:15:00,FALSE,P007866,1,1,PAN,44,"MITOGLOU, KONSTANTINOS",Konstantinos Mitoglou,19:03,5,2,3,0,1,1,2,0,1,1,1,1,2,0,0,2,2,3,15,PANATHINAIKOS AKTOR ATHENS,LDLC ASVEL VILLEURBANNE
20,2,2026-09-30 18:15:00,FALSE,P008084,1,1,PAN,72,"MANTZOUKAS, ELEFTHERIOS",Eleftherios Mantzoukas,22:29,16,2,2,4,7,0,1,2,4,6,1,0,0,0,0,1,1,19,14,PANATHINAIKOS AKTOR ATHENS,LDLC ASVEL VILLEURBANNE
20,2,2026-09-30 18:15:00,FALSE,P013269,0,1,ASV,0,"CALE, MYLES",Myles Cale,19:34,6,3,5,0,2,0,1,3,2,5,1,1,1,0,1,1,1,6,-13,LDLC ASVEL VILLEURBANNE,PANATHINAIKOS AKTOR ATHENS
20,2,2026-09-30 18:15:00,FALSE,P015161,1,1,ASV,1,"FODZO DADA, MARC-OWEN",Marc-Owen Fodzo Dada,25:11,7,1,5,1,3,2,4,2,2,4,2,1,5,0,0,4,2,-1,-21,LDLC ASVEL VILLEURBANNE,PANATHINAIKOS AKTOR ATHENS
20,2,2026-09-30 18:15:00,FALSE,P015163,1,0,ASV,8,"MILLS, PATTY",Patty Mills,13:26,5,1,1,0,2,3,3,1,0,1,1,1,0,0,0,0,3,9,-16,LDLC ASVEL VILLEURBANNE,PANATHINAIKOS AKTOR ATHENS
20,2,2026-09-30 18:15:00,FALSE,P012618,0,1,ASV,10,"MASSA, BODIAN",Bodian Massa,21:41,5,2,7,0,0,1,2,4,1,5,2,2,2,0,0,2,2,6,-4,LDLC ASVEL VILLEURBANNE,PANATHINAIKOS AKTOR ATHENS
20,2,2026-09-30 18:15:00,FALSE,P013900,1,0,ASV,14,"GACH, BOTH",Both Gach,12:43,6,0,3,2,3,0,0,0,0,0,1,0,0,0,1,3,0,-1,-16,LDLC ASVEL VILLEURBANNE,PANATHINAIKOS AKTOR ATHENS
20,2,2026-09-30 18:15:00,FALSE,P009035,1,0,ASV,21,"BOLOMBOY, JOEL",Joel Bolomboy,15:54,2,1,3,0,0,0,0,2,3,5,1,0,1,1,1,0,1,6,-17,LDLC ASVEL VILLEURBANNE,PANATHINAIKOS AKTOR ATHENS
20,2,2026-09-30 18:15:00,FALSE,P003526,0,1,ASV,23,"LIGHTY, DAVID",David Lighty,16:18,11,1,1,3,4,0,0,1,0,1,1,2,0,0,1,2,1,12,3,LDLC ASVEL VILLEURBANNE,PANATHINAIKOS AKTOR ATHENS
20,2,2026-09-30 18:15:00,FALSE,P015164,0,0,ASV,25,"BESSON, HUGO",Hugo Besson,17:59,10,5,6,0,3,0,0,0,2,2,2,0,0,0,0,2,1,9,-4,LDLC ASVEL VILLEURBANNE,PANATHINAIKOS AKTOR ATHENS
20,2,2026-09-30 18:15:00,FALSE,P006832,0,0,ASV,35,"PONS, YVES",Yves Pons,08:13,2,1,1,0,1,0,0,0,0,0,0,0,0,0,0,5,0,-4,-8,LDLC ASVEL VILLEURBANNE,PANATHINAIKOS AKTOR ATHENS
20,2,2026-09-30 18:15:00,FALSE,P015165,0,0,ASV,51,"WATERS, TREMONT",Tremont Waters,14:49,7,2,2,0,4,3,3,0,1,1,3,1,2,0,0,1,4,9,-2,LDLC ASVEL VILLEURBANNE,PANATHINAIKOS AKTOR ATHENS
20,2,2026-09-30 18:15:00,FALSE,P011980,0,1,ASV,77,"SESTINA, NATHAN",Nathan Sestina,22:39,14,1,1,3,7,3,6,1,1,2,3,1,1,0,0,1,2,13,-7,LDLC ASVEL VILLEURBANNE,PANATHINAIKOS AKTOR ATHENS
20,2,2026-09-30 18:15:00,FALSE,P015166,1,0,ASV,99,"CROWDER, JAE",Jae Crowder,11:33,4,1,2,0,1,2,3,0,1,1,3,2,1,0,0,2,2,6,-10,LDLC ASVEL VILLEURBANNE,PANATHINAIKOS AKTOR ATHENS
22,3,2026-10-01 16:00:00,FALSE,P015152,0,0,HTA,1,"GERMAN, EUGENE",Eugene German,DNP,0,0,0,0,0,0,0,0,0,0,0,0,0,0,0,0,0,0,0,HAPOEL IBI TEL AVIV,REAL MADRID
22,3,2026-10-01 16:00:00,FALSE,P013402,0,0,HTA,2,"BLAKENEY, ANTONIO",Antonio Blakeney,24:03,12,4,5,0,4,4,6,0,0,0,0,1,0,0,0,1,4,9,10,HAPOEL IBI TEL AVIV,REAL MADRID
22,3,2026-10-01 16:00:00,FALSE,P009846,1,1,HTA,3,"BRYANT, ELIJAH",Elijah Bryant,31:33,22,6,9,1,6,7,9,1,12,13,7,1,1,0,0,1,9,40,-3,HAPOEL IBI TEL AVIV,REAL MADRID
22,3,2026-10-01 16:00:00,FALSE,P008912,0,0,HTA,5,"CARRINGTON, KHADEEN",Khadeen Carrington,05:41,0,0,0,0,0,0,0,0,1,1,1,0,0,0,0,0,1,3,4,HAPOEL IBI TEL AVIV,REAL MADRID
22,3,2026-10-01 16:00:00,FALSE,P004846,0,0,HTA,10,"TIMOR, BAR",Bar Timor,DNP,0,0,0,0,0,0,0,0,0,0,0,0,0,0,0,0,0,0,0,HAPOEL IBI TEL AVIV,REAL MADRID
22,3,2026-10-01 16:00:00,FALSE,P013284,0,1,HTA,12,"WAINRIGHT, ISH",Ish Wainright,23:22,0,0,0,0,0,0,0,0,1,1,0,1,0,0,0,3,0,-1,7,HAPOEL IBI TEL AVIV,REAL MADRID
22,3,2026-10-01 16:00:00,FALSE,P002939,1,1,HTA,13,"SATORANSKY, TOMAS",Tomas Satoransky,26:01,9,1,3,2,3,1,2,1,2,3,5,0,2,0,1,2,1,9,1,HAPOEL IBI TEL AVIV,REAL MADRID
22,3,2026-10-01 16:00:00,FALSE,P008987,1,0,HTA,16,"LEDAY, ZACH",Zach Leday,16:14,15,3,6,2,2,3,3,1,2,3,0,0,0,0,0,2,3,16,-5,HAPOEL IBI TEL AVIV,REAL MADRID
22,3,2026-10-01 16:00:00,FALSE,P011823,0,1,HTA,21,"ODIASE, TAI",Tai Odiase,10:03,0,0,0,0,0,0,0,1,0,1,0,0,1,0,0,2,0,-2,-1,HAPOEL IBI TEL AVIV,REAL MADRID
22,3,2026-10-01 16:00:00,FALSE,P002580,1,1,HTA,22,"MICIC, VASILIJE",Vasilije Micic,33:14,22,6,8,2,8,4,5,0,0,0,3,0,3,0,1,3,7,16,2,HAPOEL IBI TEL AVIV,REAL MADRID
22,3,2026-10-01 16:00:00,FALSE,P012788,0,0,HTA,25,"OTURU, DAN",Dan Oturu,16:44,7,3,6,0,0,1,1,1,3,4,0,0,2,1,0,4,1,4,11,HAPOEL IBI TEL AVIV,REAL MADRID
22,3,2026-10-01 16:00:00,FALSE,P012096,1,0,HTA,51,"CABOCLO, BRUNO",Bruno Caboclo,13:05,15,0,1,5,5,0,0,0,0,0,0,1,0,0,0,5,1,11,-6,HAPOEL IBI TEL AVIV,REAL MADRID
22,3,2026-10-01 16:00:00,FALSE,P015244,0,0,MAD,1,"SMITH JR, NICK",Nick Smith Jr,20:28,12,3,6,2,3,0,0,0,2,2,1,0,2,0,0,4,0,5,6,REAL MADRID,HAPOEL IBI TEL AVIV
22,3,2026-10-01 16:00:00,FALSE,P012080,1,0,MAD,3,"LUWAWU-CABARROT, TIMOTHE",Timothe Luwawu-Cabarrot,27:08,21,2,6,5,10,2,2,1,1,2,2,2,2,0,0,5,1,12,11,REAL MADRID,HAPOEL IBI TEL AVIV
22,3,2026-10-01 16:00:00,FALSE,P010393,0,0,MAD,4,"PRADILLA, JAIME",Jaime Pradilla,02:35,0,0,0,0,1,0,0,0,0,0,0,0,0,0,0,1,0,-2,-8,REAL MADRID,HAPOEL IBI TEL AVIV
22,3,2026-10-01 16:00:00,FALSE,P003733,0,1,MAD,6,"ABALDE, ALBERTO",Alberto Abalde,07:49,2,1,1,0,0,0,0,0,1,1,0,0,0,0,0,1,0,2,2,REAL MADRID,HAPOEL IBI TEL AVIV
22,3,2026-10-01 16:00:00,FALSE,P005928,1,1,MAD,7,"CAMPAZZO, FACUNDO",Facundo Campazzo,18:14,3,0,2,1,4,0,0,1,1,2,7,0,1,0,0,3,5,8,-11,REAL MADRID,HAPOEL IBI TEL AVIV
22,3,2026-10-01 16:00:00,FALSE,P014006,0,0,MAD,8,"OKEKE, CHUMA",Chuma Okeke,13:57,8,2,4,1,4,1,2,1,1,2,1,0,0,0,1,0,1,5,-4,REAL MADRID,HAPOEL IBI TEL AVIV
22,3,2026-10-01 16:00:00,FALSE,P007027,1,1,MAD,12,"MALEDON, THEO",Theo Maledon,25:39,26,8,11,1,1,7,7,2,3,5,7,0,1,1,0,1,6,40,9,REAL MADRID,HAPOEL IBI TEL AVIV
22,3,2026-10-01 16:00:00,FALSE,P009005,0,0,MAD,14,"DECK, GABRIEL",Gabriel Deck,12:55,1,0,0,0,1,1,2,0,0,0,0,0,1,0,0,3,1,-4,-15,REAL MADRID,HAPOEL IBI TEL AVIV
22,3,2026-10-01 16:00:00,FALSE,P012613,1,1,MAD,20,"JANTUNEN, MIKAEL",Mikael Jantunen,22:50,7,1,1,1,3,2,3,2,2,4,2,0,0,0,0,3,3,10,5,REAL MADRID,HAPOEL IBI TEL AVIV
22,3,2026-10-01 16:00:00,FALSE,P005791,1,0,MAD,22,"TAVARES, WALTER",Walter Tavares,27:29,14,4,4,0,0,6,7,3,10,13,0,0,3,1,0,3,6,27,4,REAL MADRID,HAPOEL IBI TEL AVIV
22,3,2026-10-01 16:00:00,FALSE,P011247,0,1,MAD,24,"FELIZ, ANDRES",Andres Feliz,12:32,2,1,2,0,3,0,0,0,1,1,2,0,2,0,0,3,0,-4,-9,REAL MADRID,HAPOEL IBI TEL AVIV
22,3,2026-10-01 16:00:00,FALSE,P015103,0,0,MAD,30,"JONES, DAMIAN",Damian Jones,08:24,2,1,1,0,0,0,0,1,0,1,0,0,0,0,0,1,0,2,-10,REAL MADRID,HAPOEL IBI TEL AVIV
21,3,2026-10-01 18:00:00,FALSE,P011157,0,0,RED,0,"MOTLEY, JOHNATHAN",Johnathan Motley,06:53,0,0,0,0,0,0,0,0,1,1,0,0,0,1,0,0,1,3,0,CRVENA ZVEZDA MERIDIANBET BELGRADE,ANADOLU EFES ISTANBUL
21,3,2026-10-01 18:00:00,FALSE,P010568,0,0,RED,1,"JONES, CHRIS",Chris Jones,08:38,1,0,3,0,1,1,2,0,0,0,4,0,1,0,0,1,2,0,0,CRVENA ZVEZDA MERIDIANBET BELGRADE,ANADOLU EFES ISTANBUL
21,3,2026-10-01 18:00:00,FALSE,P014094,0,0,RED,2,"MILJENOVIC, STEFAN",Stefan Miljenovic,03:05,0,0,0,0,0,0,0,0,0,0,1,1,0,0,0,0,0,2,0,CRVENA ZVEZDA MERIDIANBET BELGRADE,ANADOLU EFES ISTANBUL
21,3,2026-10-01 18:00:00,FALSE,P010391,1,0,RED,3,"WEILER-BABB, NICK",Nick Weiler-Babb,24:38,2,1,4,0,4,0,0,1,4,5,2,2,0,0,0,2,1,3,0,CRVENA ZVEZDA MERIDIANBET BELGRADE,ANADOLU EFES ISTANBUL
21,3,2026-10-01 18:00:00,FALSE,P014163,0,0,RED,6,"BUTLER, JARED",Jared Butler,09:25,3,1,2,0,4,1,1,0,2,2,1,0,0,1,1,3,0,-2,0,CRVENA ZVEZDA MERIDIANBET BELGRADE,ANADOLU EFES ISTANBUL
21,3,2026-10-01 18:00:00,FALSE,P011305,1,1,RED,11,"CARTER, TYSON",Tyson Carter,19:52,11,1,4,2,3,3,4,0,2,2,3,1,1,0,0,1,3,13,5,CRVENA ZVEZDA MERIDIANBET BELGRADE,ANADOLU EFES ISTANBUL
21,3,2026-10-01 18:00:00,FALSE,P004007,1,0,RED,13,"DOBRIC, OGNJEN",Ognjen Dobric,21:25,10,3,6,1,6,1,2,2,5,7,1,4,0,0,0,2,3,14,0,CRVENA ZVEZDA MERIDIANBET BELGRADE,ANADOLU EFES ISTANBUL
21,3,2026-10-01 18:00:00,FALSE,P014029,1,1,RED,15,"IZUNDU, EBUKA",Ebuka Izundu,18:04,2,1,4,0,0,0,0,1,3,4,1,1,3,0,0,3,0,-1,5,CRVENA ZVEZDA MERIDIANBET BELGRADE,ANADOLU EFES ISTANBUL
21,3,2026-10-01 18:00:00,FALSE,P013363,0,1,RED,33,"NWORA, JORDAN",Jordan Nwora,21:01,12,4,6,1,3,1,3,1,4,5,0,0,3,0,1,1,3,9,5,CRVENA ZVEZDA MERIDIANBET BELGRADE,ANADOLU EFES ISTANBUL
21,3,2026-10-01 18:00:00,FALSE,P011982,1,0,RED,37,"OJELEYE, SEMI",Semi Ojeleye,23:28,9,2,3,0,1,5,7,1,3,4,2,0,1,1,0,4,5,12,0,CRVENA ZVEZDA MERIDIANBET BELGRADE,ANADOLU EFES ISTANBUL
21,3,2026-10-01 18:00:00,FALSE,P006482,0,1,RED,44,"KRAMER, DAVID",David Kramer,19:50,9,2,2,1,2,2,2,0,4,4,1,0,2,0,0,3,0,8,5,CRVENA ZVEZDA MERIDIANBET BELGRADE,ANADOLU EFES ISTANBUL
21,3,2026-10-01 18:00:00,FALSE,P012201,0,1,RED,95,"MONEKE, CHIMA",Chima Moneke,23:41,18,4,8,3,4,1,2,4,3,7,1,1,2,0,2,3,3,17,5,CRVENA ZVEZDA MERIDIANBET BELGRADE,ANADOLU EFES ISTANBUL
21,3,2026-10-01 18:00:00,FALSE,P009754,0,1,IST,3,"LOYD, JORDAN",Jordan Loyd,23:47,17,2,3,3,5,4,4,1,6,7,3,2,1,0,0,1,4,28,-5,ANADOLU EFES ISTANBUL,CRVENA ZVEZDA MERIDIANBET BELGRADE
21,3,2026-10-01 18:00:00,FALSE,P005368,0,0,IST,4,"YUSTA, SANTI",Santi Yusta,08:56,0,0,0,0,0,0,0,0,0,0,0,0,2,0,0,1,0,-3,0,ANADOLU EFES ISTANBUL,CRVENA ZVEZDA MERIDIANBET BELGRADE
21,3,2026-10-01 18:00:00,FALSE,P003112,1,1,IST,5,"SARIC, DARIO",Dario Saric,24:19,13,5,7,0,1,3,5,1,9,10,1,1,3,0,1,4,6,18,-5,ANADOLU EFES ISTANBUL,CRVENA ZVEZDA MERIDIANBET BELGRADE
21,3,2026-10-01 18:00:00,FALSE,P013943,0,0,IST,11,"RUSSELL, DARON",Daron Russell,12:28,3,0,2,1,3,0,0,1,2,3,2,0,0,0,0,1,2,5,0,ANADOLU EFES ISTANBUL,CRVENA ZVEZDA MERIDIANBET BELGRADE
21,3,2026-10-01 18:00:00,FALSE,P012742,0,0,IST,15,"DOZIER, PJ",Pj Dozier,13:25,4,2,5,0,3,0,0,2,1,3,2,0,1,0,0,3,1,0,0,ANADOLU EFES ISTANBUL,CRVENA ZVEZDA MERIDIANBET BELGRADE
21,3,2026-10-01 18:00:00,FALSE,P012609,1,1,IST,17,"MALCOLM, COLLIN",Collin Malcolm,23:51,5,2,2,0,2,1,2,0,3,3,4,1,0,1,0,2,1,10,-5,ANADOLU EFES ISTANBUL,CRVENA ZVEZDA MERIDIANBET BELGRADE
21,3,2026-10-01 18:00:00,FALSE,P013667,1,1,IST,20,"FERNANDO, BRUNO",Bruno Fernando,23:14,4,2,4,0,0,0,0,1,2,3,1,2,5,1,0,2,2,4,-5,ANADOLU EFES ISTANBUL,CRVENA ZVEZDA MERIDIANBET BELGRADE
21,3,2026-10-01 18:00:00,FALSE,P012710,0,0,IST,24,"OSMANI, ERCAN",Ercan Osmani,16:41,2,1,4,0,1,0,0,4,2,6,1,0,1,1,0,4,0,1,0,ANADOLU EFES ISTANBUL,CRVENA ZVEZDA MERIDIANBET BELGRADE
21,3,2026-10-01 18:00:00,FALSE,P008099,1,1,IST,32,"STRAZEL, MATTHEW",Matthew Strazel,22:55,13,2,6,2,6,3,4,1,1,2,1,1,2,0,2,3,4,5,-5,ANADOLU EFES ISTANBUL,CRVENA ZVEZDA MERIDIANBET BELGRADE
21,3,2026-10-01 18:00:00,FALSE,P006372,0,0,IST,33,"YILMAZ, ERKAN",Erkan Yilmaz,DNP,0,0,0,0,0,0,0,0,0,0,0,0,0,0,0,0,0,0,0,ANADOLU EFES ISTANBUL,CRVENA ZVEZDA MERIDIANBET BELGRADE
21,3,2026-10-01 18:00:00,FALSE,P005985,1,0,IST,55,"JAMES, MIKE",Mike James,22:30,11,4,9,0,4,3,3,0,1,1,3,0,2,0,0,2,2,4,0,ANADOLU EFES ISTANBUL,CRVENA ZVEZDA MERIDIANBET BELGRADE
21,3,2026-10-01 18:00:00,FALSE,P014102,0,0,IST,88,"JONES, KAI",Kai Jones,07:54,0,0,0,0,0,0,0,2,3,5,0,0,0,1,0,0,1,7,0,ANADOLU EFES ISTANBUL,CRVENA ZVEZDA MERIDIANBET BELGRADE
23,3,2026-10-01 18:30:00,FALSE,P014802,0,0,VIR,0,"BELLO, RASHEED",Rasheed Bello,09:44,0,0,0,0,3,0,0,0,1,1,3,0,0,0,0,1,2,2,0,VIRTUS BOLOGNA,OLYMPIACOS PIRAEUS
23,3,2026-10-01 18:30:00,FALSE,P015029,0,1,VIR,1,"FRAZIER, TRENT",Trent Frazier,19:54,9,0,1,2,5,3,3,0,1,1,3,0,2,0,0,3,2,6,-5,VIRTUS BOLOGNA,OLYMPIACOS PIRAEUS
23,3,2026-10-01 18:30:00,FALSE,P012707,1,1,VIR,2,"CARR, MARCUS",Marcus Carr,24:27,22,2,3,5,8,3,4,1,2,3,10,0,1,0,0,2,3,30,11,VIRTUS BOLOGNA,OLYMPIACOS PIRAEUS
23,3,2026-10-01 18:30:00,FALSE,P014737,1,1,VIR,8,"MOORE, WENDELL",Wendell Moore,22:37,12,3,7,2,5,0,0,3,1,4,2,2,1,0,0,2,1,11,0,VIRTUS BOLOGNA,OLYMPIACOS PIRAEUS
23,3,2026-10-01 18:30:00,FALSE,P014416,1,1,VIR,9,"EDWARDS, KESSLER",Kessler Edwards,26:32,6,2,5,0,5,2,2,4,2,6,1,1,1,0,1,0,3,7,9,VIRTUS BOLOGNA,OLYMPIACOS PIRAEUS
23,3,2026-10-01 18:30:00,FALSE,P006707,0,0,VIR,11,"BALDASSO, TOMMASO",Tommaso Baldasso,04:54,0,0,0,0,3,0,0,0,1,1,0,0,1,0,0,0,0,-3,-2,VIRTUS BOLOGNA,OLYMPIACOS PIRAEUS
23,3,2026-10-01 18:30:00,FALSE,P014005,1,1,VIR,21,"ALSTON JR., DERRICK",Derrick Alston Jr.,25:37,17,4,5,2,8,3,4,0,0,0,3,1,2,0,1,1,3,12,21,VIRTUS BOLOGNA,OLYMPIACOS PIRAEUS
23,3,2026-10-01 18:30:00,FALSE,P001844,0,0,VIR,23,"HACKETT, DANIEL",Daniel Hackett,13:24,2,0,0,0,1,2,2,2,0,2,1,1,0,0,0,3,1,3,-18,VIRTUS BOLOGNA,OLYMPIACOS PIRAEUS
23,3,2026-10-01 18:30:00,FALSE,P014219,0,0,VIR,24,"FERRARI, FRANCESCO",Francesco Ferrari,00:35,0,0,0,0,0,0,0,0,0,0,0,0,0,0,0,0,0,0,0,VIRTUS BOLOGNA,OLYMPIACOS PIRAEUS
23,3,2026-10-01 18:30:00,FALSE,P014108,1,0,VIR,31,"DIARRA, ALIOU",Aliou Diarra,25:09,18,8,11,0,0,2,4,6,8,14,0,1,0,1,0,3,4,30,1,VIRTUS BOLOGNA,OLYMPIACOS PIRAEUS
23,3,2026-10-01 18:30:00,FALSE,P014738,0,0,VIR,34,"KLINTMAN, BO",Bo Klintman,14:50,4,2,2,0,2,0,0,0,3,3,1,0,0,0,0,2,0,4,-10,VIRTUS BOLOGNA,OLYMPIACOS PIRAEUS
23,3,2026-10-01 18:30:00,FALSE,P013374,0,0,VIR,35,"DIOUF, MOUHAMET",Mouhamet Diouf,12:17,6,3,3,0,0,0,1,1,2,3,0,0,1,0,0,1,1,7,3,VIRTUS BOLOGNA,OLYMPIACOS PIRAEUS
23,3,2026-10-01 18:30:00,FALSE,P009048,1,1,OLY,0,"MILLER-MCINTYRE, CODI",Codi Miller-Mcintyre,24:19,0,0,1,0,1,0,0,1,1,2,8,0,2,0,0,2,2,6,-7,OLYMPIACOS PIRAEUS,VIRTUS BOLOGNA
23,3,2026-10-01 18:30:00,FALSE,P012610,1,0,OLY,3,"WARD, TYSON",Tyson Ward,12:52,1,0,2,0,0,1,2,0,1,1,0,0,0,1,0,2,1,-1,1,OLYMPIACOS PIRAEUS,VIRTUS BOLOGNA
23,3,2026-10-01 18:30:00,FALSE,P010042,0,1,OLY,8,"MONTERO, JEAN",Jean Montero,18:35,8,3,5,0,5,2,2,0,2,2,4,0,0,0,0,0,1,8,-2,OLYMPIACOS PIRAEUS,VIRTUS BOLOGNA
23,3,2026-10-01 18:30:00,FALSE,P003469,1,0,OLY,14,"VEZENKOV, SASHA",Sasha Vezenkov,26:37,20,6,9,2,5,2,2,2,4,6,0,1,0,0,0,0,2,23,-12,OLYMPIACOS PIRAEUS,VIRTUS BOLOGNA
23,3,2026-10-01 18:30:00,FALSE,P001255,0,0,OLY,16,"PAPANIKOLAOU, KOSTAS",Kostas Papanikolaou,09:57,0,0,0,0,0,0,0,0,0,0,0,0,0,0,0,1,1,0,-3,OLYMPIACOS PIRAEUS,VIRTUS BOLOGNA
23,3,2026-10-01 18:30:00,FALSE,P009849,1,0,OLY,22,"DORSEY, TYLER",Tyler Dorsey,27:06,22,1,3,6,9,2,3,0,1,1,2,0,2,0,0,2,4,19,1,OLYMPIACOS PIRAEUS,VIRTUS BOLOGNA
23,3,2026-10-01 18:30:00,FALSE,P012731,0,1,OLY,24,"NDIAYE, MBAYE",Mbaye Ndiaye,20:00,23,10,11,0,0,3,3,4,3,7,0,1,1,1,0,3,2,29,7,OLYMPIACOS PIRAEUS,VIRTUS BOLOGNA
23,3,2026-10-01 18:30:00,FALSE,P014316,0,0,OLY,34,"JOSEPH, CORY",Cory Joseph,07:11,4,2,2,0,1,0,0,0,0,0,0,0,1,0,0,0,0,2,-3,OLYMPIACOS PIRAEUS,VIRTUS BOLOGNA
23,3,2026-10-01 18:30:00,FALSE,P003048,0,1,OLY,42,"DUNSTON, BRYANT",Bryant Dunston,18:29,6,3,4,0,0,0,0,1,1,2,3,0,0,0,1,3,1,7,11,OLYMPIACOS PIRAEUS,VIRTUS BOLOGNA
23,3,2026-10-01 18:30:00,FALSE,P011196,1,0,OLY,45,"HALL, DONTA",Donta Hall,11:32,2,1,2,0,0,0,0,1,1,2,0,0,0,0,0,0,0,3,-6,OLYMPIACOS PIRAEUS,VIRTUS BOLOGNA
23,3,2026-10-01 18:30:00,FALSE,P011981,0,0,OLY,88,"JONES, TYRIQUE",Tyrique Jones,03:22,2,1,1,0,0,0,0,0,0,0,0,0,2,0,0,4,0,-4,-4,OLYMPIACOS PIRAEUS,VIRTUS BOLOGNA
23,3,2026-10-01 18:30:00,FALSE,P013380,0,1,OLY,94,"FOURNIER, EVAN",Evan Fournier,20:00,6,1,3,1,6,1,1,1,6,7,2,1,2,0,0,3,3,7,7,OLYMPIACOS PIRAEUS,VIRTUS BOLOGNA
24,3,2026-10-01 18:45:00,FALSE,P015168,1,0,PRS,1,"WARREN, TJ",Tj Warren,15:43,14,6,6,0,4,2,2,1,1,2,0,0,1,0,0,5,1,7,6,PARIS BASKETBALL,ZALGIRIS KAUNAS
24,3,2026-10-01 18:45:00,FALSE,P012640,1,1,PRS,2,"HIFI, NADIR",Nadir Hifi,30:51,21,6,14,1,6,6,8,0,3,3,2,0,2,0,1,0,8,16,11,PARIS BASKETBALL,ZALGIRIS KAUNAS
24,3,2026-10-01 18:45:00,FALSE,P013373,0,1,PRS,4,"CAVALIERE, LEOPOLD",Leopold Cavaliere,15:03,8,2,2,1,1,1,2,1,1,2,1,0,0,0,0,1,1,10,7,PARIS BASKETBALL,ZALGIRIS KAUNAS
24,3,2026-10-01 18:45:00,FALSE,P012611,1,1,PRS,7,"HERRERA, SEBASTIAN",Sebastian Herrera,19:12,3,0,0,1,4,0,0,0,1,1,4,1,1,0,0,3,2,4,19,PARIS BASKETBALL,ZALGIRIS KAUNAS
24,3,2026-10-01 18:45:00,FALSE,P014178,1,0,PRS,8,"RHODEN, JARED",Jared Rhoden,24:19,9,3,8,0,2,3,4,3,1,4,4,1,0,2,1,2,2,11,6,PARIS BASKETBALL,ZALGIRIS KAUNAS
24,3,2026-10-01 18:45:00,FALSE,P015143,0,0,PRS,9,"ETIENNE, TYSON",Tyson Etienne,10:18,0,0,1,0,3,0,0,0,2,2,1,0,2,0,1,3,1,-6,-3,PARIS BASKETBALL,ZALGIRIS KAUNAS
24,3,2026-10-01 18:45:00,FALSE,P006904,0,0,PRS,11,"AYAYI, JOEL",Joel Ayayi,11:49,4,2,2,0,0,0,0,1,1,2,1,0,0,1,0,1,0,7,-10,PARIS BASKETBALL,ZALGIRIS KAUNAS
24,3,2026-10-01 18:45:00,FALSE,P014010,0,1,PRS,13,"DOKOSSI, ALLAN",Allan Dokossi,21:44,8,4,4,0,0,0,0,5,3,8,1,1,1,1,0,1,0,17,2,PARIS BASKETBALL,ZALGIRIS KAUNAS
24,3,2026-10-01 18:45:00,FALSE,P012403,1,0,PRS,15,"FAYE, MOUHAMED",Mouhamed Faye,08:03,0,0,0,0,0,0,0,0,2,2,0,0,1,0,0,3,0,-2,3,PARIS BASKETBALL,ZALGIRIS KAUNAS
24,3,2026-10-01 18:45:00,FALSE,P010431,0,1,PRS,20,"MORGAN, JEREMY",Jeremy Morgan,09:31,3,0,0,1,3,0,0,1,0,1,1,0,1,0,0,4,0,-2,-5,PARIS BASKETBALL,ZALGIRIS KAUNAS
24,3,2026-10-01 18:45:00,FALSE,P015160,0,0,PRS,24,"JOHNSON, ALIZE",Alize Johnson,16:48,6,2,2,0,0,2,2,1,4,5,1,0,0,0,0,4,3,11,-12,PARIS BASKETBALL,ZALGIRIS KAUNAS
24,3,2026-10-01 18:45:00,FALSE,P011949,0,0,PRS,34,"HOMMES, DAULTON",Daulton Hommes,16:39,6,0,2,2,5,0,0,1,3,4,1,0,0,0,0,2,1,5,-4,PARIS BASKETBALL,ZALGIRIS KAUNAS
24,3,2026-10-01 18:45:00,FALSE,P012720,0,1,ZAL,0,"BROWN, STERLING",Sterling Brown,22:13,13,3,4,2,3,1,1,2,2,4,4,2,1,0,0,4,1,17,5,ZALGIRIS KAUNAS,PARIS BASKETBALL
24,3,2026-10-01 18:45:00,FALSE,P011987,1,1,ZAL,3,"EDWARDS, CARSEN",Carsen Edwards,26:12,19,4,12,3,10,2,2,1,1,2,2,0,1,0,1,1,3,8,-4,ZALGIRIS KAUNAS,PARIS BASKETBALL
24,3,2026-10-01 18:45:00,FALSE,P007513,1,0,ZAL,9,"GIEDRAITIS, DOVYDAS",Dovydas Giedraitis,13:41,0,0,3,0,0,0,0,1,1,2,1,0,0,0,0,2,1,-1,-9,ZALGIRIS KAUNAS,PARIS BASKETBALL
24,3,2026-10-01 18:45:00,FALSE,P008192,0,1,ZAL,10,"TUBELIS, AZUOLAS",Azuolas Tubelis,24:05,18,7,9,0,0,4,6,2,5,7,2,1,0,0,1,2,4,25,0,ZALGIRIS KAUNAS,PARIS BASKETBALL
24,3,2026-10-01 18:45:00,FALSE,P007032,0,0,ZAL,12,"LO, MAODO",Maodo Lo,20:57,2,1,5,0,3,0,0,0,0,0,4,1,0,0,2,1,3,0,5,ZALGIRIS KAUNAS,PARIS BASKETBALL
24,3,2026-10-01 18:45:00,FALSE,P011927,1,0,ZAL,14,"SLEVA, DUSTIN",Dustin Sleva,14:46,1,0,2,0,2,1,2,2,2,4,0,0,0,0,0,3,2,-1,-7,ZALGIRIS KAUNAS,PARIS BASKETBALL
24,3,2026-10-01 18:45:00,FALSE,P000898,1,0,ZAL,17,"VALANCIUNAS, JONAS",Jonas Valanciunas,20:38,12,3,4,0,0,6,9,2,4,6,0,0,4,3,0,3,6,16,-3,ZALGIRIS KAUNAS,PARIS BASKETBALL
24,3,2026-10-01 18:45:00,FALSE,P008186,0,0,ZAL,22,"BLAZEVIC, MAREK",Marek Blazevic,00:47,0,0,0,0,0,0,0,0,0,0,0,0,0,0,0,0,0,0,-2,ZALGIRIS KAUNAS,PARIS BASKETBALL
24,3,2026-10-01 18:45:00,FALSE,P002328,0,1,ZAL,40,"GRIGONIS, MARIUS",Marius Grigonis,18:18,6,2,2,0,3,2,2,0,2,2,2,0,2,0,0,1,2,6,2,ZALGIRIS KAUNAS,PARIS BASKETBALL
24,3,2026-10-01 18:45:00,FALSE,P002676,1,0,ZAL,51,"BUTKEVICIUS, ARNAS",Arnas Butkevicius,18:39,2,1,1,0,0,0,0,1,4,5,0,0,1,0,0,1,0,5,-11,ZALGIRIS KAUNAS,PARIS BASKETBALL
24,3,2026-10-01 18:45:00,FALSE,P007029,0,0,ZAL,91,"SIRVYDIS, DEIVIDAS",Deividas Sirvydis,DNP,0,0,0,0,0,0,0,0,0,0,0,0,0,0,0,0,0,0,0,ZALGIRIS KAUNAS,PARIS BASKETBALL
24,3,2026-10-01 18:45:00,FALSE,P002329,0,1,ZAL,92,"ULANOVAS, EDGARAS",Edgaras Ulanovas,19:44,5,0,1,0,1,5,6,2,2,4,2,1,0,0,0,2,5,12,4,ZALGIRIS KAUNAS,PARIS BASKETBALL
25,3,2026-10-02 17:00:00,FALSE,P013285,1,1,BES,1,"DOTSON, DEVON",Devon Dotson,26:13,11,1,2,2,4,3,4,0,0,0,3,1,3,1,0,4,4,9,-4,BESIKTAS ISTANBUL,FC BARCELONA
25,3,2026-10-02 17:00:00,FALSE,P013250,0,0,BES,5,"DEJULIUS, DAVID",David Dejulius,08:15,2,1,5,0,1,0,0,2,1,3,0,0,0,0,0,3,0,-3,-5,BESIKTAS ISTANBUL,FC BARCELONA
25,3,2026-10-02 17:00:00,FALSE,P003783,0,0,BES,6,"UGURLU, BERK",Berk Ugurlu,05:28,0,0,0,0,0,0,0,0,1,1,0,0,0,0,0,0,0,1,-2,BESIKTAS ISTANBUL,FC BARCELONA
25,3,2026-10-02 17:00:00,FALSE,P009680,1,1,BES,9,"MORGAN, CONOR",Conor Morgan,24:00,8,1,2,2,4,0,0,1,4,5,5,0,1,0,0,3,0,11,0,BESIKTAS ISTANBUL,FC BARCELONA
25,3,2026-10-02 17:00:00,FALSE,P003091,0,0,BES,11,"BIRSEN, METECAN",Metecan Birsen,14:15,6,2,4,0,1,2,2,4,3,7,1,0,0,0,0,3,2,10,-3,BESIKTAS ISTANBUL,FC BARCELONA
25,3,2026-10-02 17:00:00,FALSE,P006661,0,1,BES,12,"WILBEKIN, SCOTTIE",Scottie Wilbekin,25:25,17,3,5,3,9,2,2,0,4,4,3,2,3,0,0,1,2,16,-4,BESIKTAS ISTANBUL,FC BARCELONA
25,3,2026-10-02 17:00:00,FALSE,P014207,0,0,BES,20,"OMORUYI, EUGENE",Eugene Omoruyi,09:41,4,1,5,0,3,2,2,1,0,1,2,0,0,0,0,3,2,-1,-10,BESIKTAS ISTANBUL,FC BARCELONA
25,3,2026-10-02 17:00:00,FALSE,P009025,1,1,BES,21,"BROWN, ANTHONY",Anthony Brown,24:14,6,1,2,1,5,1,1,1,2,3,1,0,2,0,0,2,0,1,-12,BESIKTAS ISTANBUL,FC BARCELONA
25,3,2026-10-02 17:00:00,FALSE,P014786,1,1,BES,24,"NOWELL, JAYLEN",Jaylen Nowell,19:30,10,4,9,0,4,2,2,2,2,4,1,0,0,0,0,3,2,5,-14,BESIKTAS ISTANBUL,FC BARCELONA
25,3,2026-10-02 17:00:00,FALSE,P005763,0,0,BES,30,"KORKMAZ, FURKAN",Furkan Korkmaz,16:42,2,0,0,0,2,2,3,0,0,0,0,0,0,0,0,0,4,3,-1,BESIKTAS ISTANBUL,FC BARCELONA
25,3,2026-10-02 17:00:00,FALSE,P013383,0,0,BES,32,"GABRIEL, WENYEN",Wenyen Gabriel,11:11,6,3,4,0,0,0,0,2,0,2,0,0,0,0,0,1,0,6,-8,BESIKTAS ISTANBUL,FC BARCELONA
25,3,2026-10-02 17:00:00,FALSE,P004554,1,0,BES,41,"ZIZIC, ANTE",Ante Zizic,15:06,10,4,5,0,0,2,3,5,4,9,0,0,2,0,0,2,5,18,-2,BESIKTAS ISTANBUL,FC BARCELONA
25,3,2026-10-02 17:00:00,FALSE,P009862,1,1,BAR,0,"PUNTER, KEVIN",Kevin Punter,24:01,16,5,7,1,4,3,4,1,1,2,4,1,0,0,0,2,4,19,6,FC BARCELONA,BESIKTAS ISTANBUL
25,3,2026-10-02 17:00:00,FALSE,P013855,0,0,BAR,1,"GIBSON, UMOJA",Umoja Gibson,20:06,15,3,6,1,1,6,6,0,2,2,3,1,1,0,0,0,3,20,16,FC BARCELONA,BESIKTAS ISTANBUL
25,3,2026-10-02 17:00:00,FALSE,P015138,0,0,BAR,2,"MARTIN, TYRESE",Tyrese Martin,20:41,7,2,2,1,3,0,0,0,5,5,0,0,1,0,0,1,0,8,6,FC BARCELONA,BESIKTAS ISTANBUL
25,3,2026-10-02 17:00:00,FALSE,P015139,0,0,BAR,3,"UMUDE, STANLEY",Stanley Umude,13:27,6,0,1,2,2,0,0,2,2,4,1,0,1,0,0,4,1,6,3,FC BARCELONA,BESIKTAS ISTANBUL
25,3,2026-10-02 17:00:00,FALSE,P014008,1,1,BAR,5,"ROBINSON, JUSTIN",Justin Robinson,17:23,9,2,3,1,2,2,2,0,2,2,3,0,4,0,0,3,2,7,0,FC BARCELONA,BESIKTAS ISTANBUL
25,3,2026-10-02 17:00:00,FALSE,P009992,0,0,BAR,8,"BRIZUELA, DARIO",Dario Brizuela,17:00,8,2,4,1,3,1,2,1,2,3,0,1,1,0,0,1,1,6,9,FC BARCELONA,BESIKTAS ISTANBUL
25,3,2026-10-02 17:00:00,FALSE,P010062,0,0,BAR,10,"UBAL, AGUSTIN",Agustin Ubal,DNP,0,0,0,0,0,0,0,0,0,0,0,0,0,0,0,0,0,0,0,FC BARCELONA,BESIKTAS ISTANBUL
25,3,2026-10-02 17:00:00,FALSE,P015140,0,1,BAR,13,"NKAMHOUA, OLIVIER",Olivier Nkamhoua,18:18,11,3,7,1,1,2,3,1,1,2,3,1,0,0,0,3,4,13,9,FC BARCELONA,BESIKTAS ISTANBUL
25,3,2026-10-02 17:00:00,FALSE,P010106,0,0,BAR,17,"NUNEZ, JUAN",Juan Nunez,02:28,0,0,0,0,0,0,0,0,1,1,0,0,1,0,0,1,0,-1,-3,FC BARCELONA,BESIKTAS ISTANBUL
25,3,2026-10-02 17:00:00,FALSE,P007553,1,0,BAR,22,"BALCEROWSKI, OLEK",Olek Balcerowski,19:15,11,3,5,0,0,5,7,0,0,0,0,1,1,0,0,4,5,8,0,FC BARCELONA,BESIKTAS ISTANBUL
25,3,2026-10-02 17:00:00,FALSE,P015142,1,1,BAR,24,"MINAYA, JUSTIN",Justin Minaya,20:30,5,1,1,1,3,0,0,1,3,4,0,2,0,0,0,1,0,8,9,FC BARCELONA,BESIKTAS ISTANBUL
25,3,2026-10-02 17:00:00,FALSE,P007464,1,1,BAR,44,"PARRA, JOEL",Joel Parra,26:51,7,2,4,0,2,3,3,2,2,4,1,1,2,0,1,2,4,8,10,FC BARCELONA,BESIKTAS ISTANBUL
29,3,2026-10-02 17:45:00,FALSE,P013506,0,1,ULK,1,"BINGHAM, MARCUS",Marcus Bingham,22:01,20,2,2,4,5,4,6,3,5,8,0,0,2,0,0,2,4,25,3,FENERBAHCE TARFIN ISTANBUL,DUBAI BASKETBALL
29,3,2026-10-02 17:45:00,FALSE,P009863,0,1,ULK,2,"BALDWIN IV, WADE",Wade Baldwin IV,25:41,14,4,7,2,6,0,0,0,3,3,5,1,0,0,0,2,3,17,18,FENERBAHCE TARFIN ISTANBUL,DUBAI BASKETBALL
29,3,2026-10-02 17:45:00,FALSE,P002849,0,0,ULK,4,"MELLI, NICOLO",Nicolo Melli,19:09,2,0,1,0,0,2,2,2,2,4,0,0,0,0,0,2,2,5,6,FENERBAHCE TARFIN ISTANBUL,DUBAI BASKETBALL
29,3,2026-10-02 17:45:00,FALSE,P002968,1,0,ULK,5,"SANLI, SERTAC",Sertac Sanli,13:06,2,1,3,0,0,0,0,1,1,2,0,0,0,1,0,0,0,3,3,FENERBAHCE TARFIN ISTANBUL,DUBAI BASKETBALL
29,3,2026-10-02 17:45:00,FALSE,P014124,1,1,ULK,8,"HORTON TUCKER, TALEN",Talen Horton Tucker,20:17,8,1,1,0,4,6,6,1,2,3,1,1,2,0,0,2,3,8,-3,FENERBAHCE TARFIN ISTANBUL,DUBAI BASKETBALL
29,3,2026-10-02 17:45:00,FALSE,P014733,0,0,ULK,9,"JUZANG, JOHNNY",Johnny Juzang,DNP,0,0,0,0,0,0,0,0,0,0,0,0,0,0,0,0,0,0,0,FENERBAHCE TARFIN ISTANBUL,DUBAI BASKETBALL
29,3,2026-10-02 17:45:00,FALSE,P013367,1,0,ULK,11,"FORREST, TRENT",Trent Forrest,16:47,2,1,3,0,0,0,2,0,0,0,2,1,0,0,0,2,2,1,0,FENERBAHCE TARFIN ISTANBUL,DUBAI BASKETBALL
29,3,2026-10-02 17:45:00,FALSE,P014168,1,1,ULK,12,"KEY, BRAXTON",Braxton Key,25:44,12,6,10,0,1,0,2,3,5,8,1,3,1,1,0,3,1,15,8,FENERBAHCE TARFIN ISTANBUL,DUBAI BASKETBALL
29,3,2026-10-02 17:45:00,FALSE,P004888,0,0,ULK,21,"CLYBURN, WILL",Will Clyburn,23:56,3,0,4,1,5,0,0,0,2,2,2,0,0,0,1,1,4,1,10,FENERBAHCE TARFIN ISTANBUL,DUBAI BASKETBALL
29,3,2026-10-02 17:45:00,FALSE,P014220,0,0,ULK,30,"SILVA, CHRIS",Chris Silva,DNP,0,0,0,0,0,0,0,0,0,0,0,0,0,0,0,0,0,0,0,FENERBAHCE TARFIN ISTANBUL,DUBAI BASKETBALL
29,3,2026-10-02 17:45:00,FALSE,P007831,1,1,ULK,31,"SHIELDS, SHAVON",Shavon Shields,16:04,9,2,4,1,2,2,3,2,1,3,1,0,1,0,0,4,2,6,0,FENERBAHCE TARFIN ISTANBUL,DUBAI BASKETBALL
29,3,2026-10-02 17:45:00,FALSE,P006896,0,0,ULK,43,"SARGIUNAS, IGNAS",Ignas Sargiunas,17:15,4,2,2,0,2,0,0,1,2,3,2,0,1,0,0,3,1,4,5,FENERBAHCE TARFIN ISTANBUL,DUBAI BASKETBALL
29,3,2026-10-02 17:45:00,FALSE,P011212,1,1,DUB,0,"OKOBO, ELIE",Elie Okobo,32:30,18,3,7,2,5,6,10,1,1,2,4,1,5,0,0,4,7,12,-10,DUBAI BASKETBALL,FENERBAHCE TARFIN ISTANBUL
29,3,2026-10-02 17:45:00,FALSE,P005942,0,0,DUB,2,"DANGUBIC, NEMANJA",Nemanja Dangubic,13:13,2,1,1,0,0,0,0,1,1,2,0,0,1,0,0,2,0,1,-8,DUBAI BASKETBALL,FENERBAHCE TARFIN ISTANBUL
29,3,2026-10-02 17:45:00,FALSE,P011286,1,1,DUB,3,"BACON, DWAYNE",Dwayne Bacon,24:46,12,1,3,2,4,4,4,0,1,1,0,0,1,0,0,3,4,9,-12,DUBAI BASKETBALL,FENERBAHCE TARFIN ISTANBUL
29,3,2026-10-02 17:45:00,FALSE,P011231,1,0,DUB,4,"BLOSSOMGAME, JARON",Jaron Blossomgame,20:00,0,0,2,0,2,0,0,1,2,3,1,0,0,0,0,0,1,1,-2,DUBAI BASKETBALL,FENERBAHCE TARFIN ISTANBUL
29,3,2026-10-02 17:45:00,FALSE,P003458,0,0,DUB,8,"BERTANS, DAVIS",Davis Bertans,10:27,0,0,0,0,1,0,0,0,3,3,0,1,1,0,0,1,0,1,11,DUBAI BASKETBALL,FENERBAHCE TARFIN ISTANBUL
29,3,2026-10-02 17:45:00,FALSE,P014031,0,0,DUB,11,"KONDIC, KOSTA",Kosta Kondic,04:03,0,0,0,0,2,0,0,0,0,0,1,0,0,0,0,1,0,-2,-2,DUBAI BASKETBALL,FENERBAHCE TARFIN ISTANBUL
29,3,2026-10-02 17:45:00,FALSE,P012796,1,1,DUB,17,"KABENGELE, MFIONDU",Mfiondu Kabengele,24:15,5,2,5,0,3,1,1,3,9,12,2,2,3,0,1,2,4,13,3,DUBAI BASKETBALL,FENERBAHCE TARFIN ISTANBUL
29,3,2026-10-02 17:45:00,FALSE,P014027,0,1,DUB,21,"DIAKITE, MAMADI",Mamadi Diakite,19:41,10,1,1,1,2,5,6,1,1,2,0,0,0,1,0,4,2,9,5,DUBAI BASKETBALL,FENERBAHCE TARFIN ISTANBUL
29,3,2026-10-02 17:45:00,FALSE,P001133,0,0,DUB,23,"SHENGELIA, TORNIKE",Tornike Shengelia,14:20,4,1,1,0,1,2,2,1,0,1,0,0,2,0,0,3,1,0,-11,DUBAI BASKETBALL,FENERBAHCE TARFIN ISTANBUL
29,3,2026-10-02 17:45:00,FALSE,P012606,1,1,DUB,25,"WRIGHT IV, MCKINLEY",Mckinley Wright IV,22:25,12,3,7,2,3,0,0,0,1,1,2,0,0,0,1,1,1,9,-4,DUBAI BASKETBALL,FENERBAHCE TARFIN ISTANBUL
29,3,2026-10-02 17:45:00,FALSE,P011194,0,0,DUB,30,"PETRUSEV, FILIP",Filip Petrusev,08:24,3,0,1,1,2,0,0,0,1,1,0,0,0,0,0,0,0,2,-14,DUBAI BASKETBALL,FENERBAHCE TARFIN ISTANBUL
29,3,2026-10-02 17:45:00,FALSE,P008855,0,0,DUB,44,"WALKUP, THOMAS",Thomas Walkup,05:56,0,0,1,0,0,0,0,0,0,0,2,0,0,0,0,1,0,0,-6,DUBAI BASKETBALL,FENERBAHCE TARFIN ISTANBUL
28,3,2026-10-02 18:00:00,FALSE,P014134,0,0,MUN,0,"NORRIS, MILES",Miles Norris,12:40,4,1,1,0,2,2,3,1,0,1,2,0,0,1,0,1,1,5,-9,FC BAYERN MUNICH,PARTIZAN MOZZART BET BELGRADE
28,3,2026-10-02 18:00:00,FALSE,P013370,0,1,MUN,4,"WASHINGTON, DUANE",Duane Washington,22:57,20,3,5,4,7,2,3,0,2,2,4,1,2,0,0,2,3,20,5,FC BAYERN MUNICH,PARTIZAN MOZZART BET BELGRADE
28,3,2026-10-02 18:00:00,FALSE,P001557,0,0,MUN,5,"GIFFEY, NIELS",Niels Giffey,DNP,0,0,0,0,0,0,0,0,0,0,0,0,0,0,0,0,0,0,0,FC BAYERN MUNICH,PARTIZAN MOZZART BET BELGRADE
28,3,2026-10-02 18:00:00,FALSE,P007201,0,0,MUN,7,"VOIGTMANN, JOHANNES",Johannes Voigtmann,16:09,2,1,2,0,1,0,0,0,4,4,1,1,1,0,0,2,0,3,-2,FC BAYERN MUNICH,PARTIZAN MOZZART BET BELGRADE
28,3,2026-10-02 18:00:00,FALSE,P010726,0,0,MUN,8,"JENSEN, TOBIAS",Tobias Jensen,13:41,3,0,1,1,1,0,0,0,2,2,3,0,4,0,0,1,0,2,10,FC BAYERN MUNICH,PARTIZAN MOZZART BET BELGRADE
28,3,2026-10-02 18:00:00,FALSE,P013290,0,0,MUN,10,"JESSUP, JUSTINIAN",Justinian Jessup,19:38,7,2,3,1,4,0,0,0,4,4,1,1,1,0,0,3,1,6,-10,FC BAYERN MUNICH,PARTIZAN MOZZART BET BELGRADE
28,3,2026-10-02 18:00:00,FALSE,P001288,1,1,MUN,11,"LUCIC, VLADIMIR",Vladimir Lucic,20:15,9,2,3,0,1,5,5,2,1,3,0,0,0,0,0,1,3,12,4,FC BAYERN MUNICH,PARTIZAN MOZZART BET BELGRADE
28,3,2026-10-02 18:00:00,FALSE,P004508,1,1,MUN,13,"OBST, ANDREAS",Andreas Obst,23:42,8,1,1,2,5,0,0,0,0,0,2,2,3,0,0,2,0,4,-12,FC BAYERN MUNICH,PARTIZAN MOZZART BET BELGRADE
28,3,2026-10-02 18:00:00,FALSE,P007519,0,0,MUN,31,"JOKUBAITIS, ROKAS",Rokas Jokubaitis,07:46,5,0,0,1,1,2,2,0,0,0,0,0,1,0,0,2,1,3,-9,FC BAYERN MUNICH,PARTIZAN MOZZART BET BELGRADE
28,3,2026-10-02 18:00:00,FALSE,P003958,1,1,MUN,32,"THIEMANN, JOHANNES",Johannes Thiemann,27:20,17,3,5,1,2,8,8,1,4,5,2,1,0,0,2,0,5,25,7,FC BAYERN MUNICH,PARTIZAN MOZZART BET BELGRADE
28,3,2026-10-02 18:00:00,FALSE,P012597,1,0,MUN,44,"BALDWIN, KAMAR",Kamar Baldwin,15:00,5,1,2,0,4,3,3,1,2,3,1,0,1,0,0,2,5,6,5,FC BAYERN MUNICH,PARTIZAN MOZZART BET BELGRADE
28,3,2026-10-02 18:00:00,FALSE,P013278,1,1,MUN,50,"WILEY, AUSTIN",Austin Wiley,20:52,4,1,2,0,0,2,4,1,9,10,0,0,4,2,0,4,3,8,1,FC BAYERN MUNICH,PARTIZAN MOZZART BET BELGRADE
28,3,2026-10-02 18:00:00,FALSE,P011924,0,0,PAR,0,"ALLMAN, KYLE",Kyle Allman,21:57,5,0,4,1,2,2,2,0,4,4,4,0,3,0,0,3,4,6,2,PARTIZAN MOZZART BET BELGRADE,FC BAYERN MUNICH
28,3,2026-10-02 18:00:00,FALSE,P013369,1,1,PAR,1,"JONES, CARLIK",Carlik Jones,25:01,16,7,12,0,2,2,3,0,2,2,5,0,1,0,1,2,2,13,0,PARTIZAN MOZZART BET BELGRADE,FC BAYERN MUNICH
28,3,2026-10-02 18:00:00,FALSE,P007947,0,1,PAR,3,"VILDOZA, LUCA",Luca Vildoza,21:12,8,1,2,2,3,0,0,0,3,3,4,3,1,0,0,1,2,16,7,PARTIZAN MOZZART BET BELGRADE,FC BAYERN MUNICH
28,3,2026-10-02 18:00:00,FALSE,P014742,1,0,PAR,5,"THOMPSON, ETHAN",Ethan Thompson,12:08,3,0,2,1,1,0,0,0,1,1,1,0,0,0,0,4,0,-1,-4,PARTIZAN MOZZART BET BELGRADE,FC BAYERN MUNICH
28,3,2026-10-02 18:00:00,FALSE,P007632,0,0,PAR,7,"NAKIC, MARIO",Mario Nakic,09:32,5,1,1,1,2,0,0,0,1,1,0,1,0,0,0,0,0,6,3,PARTIZAN MOZZART BET BELGRADE,FC BAYERN MUNICH
28,3,2026-10-02 18:00:00,FALSE,P005637,1,0,PAR,10,"TANASKOVIC, NIKOLA",Nikola Tanaskovic,12:31,6,3,3,0,2,0,0,1,1,2,1,0,0,0,0,2,2,7,-3,PARTIZAN MOZZART BET BELGRADE,FC BAYERN MUNICH
28,3,2026-10-02 18:00:00,FALSE,P010390,1,1,PAR,13,"HAYES, KEVARRIUS",Kevarrius Hayes,17:25,7,2,2,0,0,3,4,0,2,2,0,2,2,2,0,4,2,8,-3,PARTIZAN MOZZART BET BELGRADE,FC BAYERN MUNICH
28,3,2026-10-02 18:00:00,FALSE,P007736,0,1,PAR,19,"LAKIC, ARIJAN",Arijan Lakic,18:52,6,0,0,2,9,0,0,0,4,4,2,1,0,0,0,1,1,6,-1,PARTIZAN MOZZART BET BELGRADE,FC BAYERN MUNICH
28,3,2026-10-02 18:00:00,FALSE,P009733,0,0,PAR,23,"JEKIRI, TONYE",Tonye Jekiri,17:01,17,7,10,0,0,3,3,3,2,5,1,1,0,0,1,3,4,21,8,PARTIZAN MOZZART BET BELGRADE,FC BAYERN MUNICH
28,3,2026-10-02 18:00:00,FALSE,P006739,1,1,PAR,66,"PAJOLA, ALESSANDRO",Alessandro Pajola,28:06,4,0,1,1,4,1,2,1,2,3,7,4,1,0,0,2,3,13,1,PARTIZAN MOZZART BET BELGRADE,FC BAYERN MUNICH
28,3,2026-10-02 18:00:00,FALSE,P004194,0,0,PAR,77,"LAUVERGNE, JOFFREY",Joffrey Lauvergne,05:34,4,2,4,0,0,0,0,1,0,1,0,1,0,0,1,0,0,3,-3,PARTIZAN MOZZART BET BELGRADE,FC BAYERN MUNICH
28,3,2026-10-02 18:00:00,FALSE,P005793,0,0,PAR,95,"SY, BANDJA",Bandja Sy,10:41,5,1,1,1,2,0,0,0,1,1,0,0,0,0,0,0,0,5,3,PARTIZAN MOZZART BET BELGRADE,FC BAYERN MUNICH
26,3,2026-10-02 18:00:00,FALSE,P013269,1,0,ASV,0,"CALE, MYLES",Myles Cale,15:05,5,1,1,1,3,0,0,0,2,2,1,0,2,0,0,2,1,3,-10,LDLC ASVEL VILLEURBANNE,VALENCIA BASKET
26,3,2026-10-02 18:00:00,FALSE,P015161,0,0,ASV,1,"FODZO DADA, MARC-OWEN",Marc-Owen Fodzo Dada,12:14,5,1,2,1,2,0,0,2,0,2,1,0,1,1,0,3,0,3,3,LDLC ASVEL VILLEURBANNE,VALENCIA BASKET
26,3,2026-10-02 18:00:00,FALSE,P015163,0,1,ASV,8,"MILLS, PATTY",Patty Mills,23:35,26,5,9,4,7,4,6,0,0,0,3,0,0,0,0,1,6,25,0,LDLC ASVEL VILLEURBANNE,VALENCIA BASKET
26,3,2026-10-02 18:00:00,FALSE,P012618,0,0,ASV,10,"MASSA, BODIAN",Bodian Massa,04:19,0,0,0,0,0,0,0,0,0,0,1,0,0,0,0,1,0,0,-2,LDLC ASVEL VILLEURBANNE,VALENCIA BASKET
26,3,2026-10-02 18:00:00,FALSE,P013900,1,0,ASV,14,"GACH, BOTH",Both Gach,19:02,0,0,0,0,1,0,0,0,0,0,1,0,0,1,0,1,0,0,-9,LDLC ASVEL VILLEURBANNE,VALENCIA BASKET
26,3,2026-10-02 18:00:00,FALSE,P009035,1,0,ASV,21,"BOLOMBOY, JOEL",Joel Bolomboy,16:02,6,3,4,0,0,0,0,0,6,6,0,0,2,1,1,3,0,6,-9,LDLC ASVEL VILLEURBANNE,VALENCIA BASKET
26,3,2026-10-02 18:00:00,FALSE,P003526,0,0,ASV,23,"LIGHTY, DAVID",David Lighty,03:30,0,0,0,0,0,0,0,0,2,2,1,0,0,0,0,0,0,3,-2,LDLC ASVEL VILLEURBANNE,VALENCIA BASKET
26,3,2026-10-02 18:00:00,FALSE,P015164,0,1,ASV,25,"BESSON, HUGO",Hugo Besson,22:07,19,3,6,3,4,4,4,2,0,2,6,0,1,0,0,3,4,23,-2,LDLC ASVEL VILLEURBANNE,VALENCIA BASKET
26,3,2026-10-02 18:00:00,FALSE,P006832,0,1,ASV,35,"PONS, YVES",Yves Pons,07:41,3,0,0,1,1,0,0,0,0,0,0,0,0,1,0,4,0,0,-9,LDLC ASVEL VILLEURBANNE,VALENCIA BASKET
26,3,2026-10-02 18:00:00,FALSE,P015165,1,1,ASV,51,"WATERS, TREMONT",Tremont Waters,24:27,9,0,4,3,8,0,0,1,2,3,5,2,1,1,2,2,1,7,-19,LDLC ASVEL VILLEURBANNE,VALENCIA BASKET
26,3,2026-10-02 18:00:00,FALSE,P011980,0,0,ASV,77,"SESTINA, NATHAN",Nathan Sestina,19:38,9,4,5,0,3,1,3,1,3,4,0,0,1,1,0,5,3,5,-2,LDLC ASVEL VILLEURBANNE,VALENCIA BASKET
26,3,2026-10-02 18:00:00,FALSE,P015166,1,1,ASV,99,"CROWDER, JAE",Jae Crowder,32:20,10,4,15,0,2,2,4,3,4,7,4,1,2,0,0,2,5,8,-4,LDLC ASVEL VILLEURBANNE,VALENCIA BASKET
26,3,2026-10-02 18:00:00,FALSE,P012608,1,1,PAM,0,"SHORTS, TJ",Tj Shorts,21:38,17,6,8,0,1,5,8,0,4,4,6,0,2,1,1,2,5,22,25,VALENCIA BASKET,LDLC ASVEL VILLEURBANNE
26,3,2026-10-02 18:00:00,FALSE,P011217,1,1,PAM,1,"TAYLOR, KAMERON",Kameron Taylor,24:57,14,3,6,2,3,2,3,1,4,5,2,0,1,0,1,2,3,15,26,VALENCIA BASKET,LDLC ASVEL VILLEURBANNE
26,3,2026-10-02 18:00:00,FALSE,P006643,0,0,PAM,2,"PUERTO, JOSEP",Josep Puerto,15:03,9,0,1,3,4,0,0,1,1,2,0,1,3,0,1,2,0,4,-13,VALENCIA BASKET,LDLC ASVEL VILLEURBANNE
26,3,2026-10-02 18:00:00,FALSE,P012738,1,0,PAM,3,"REUVERS, NATHAN",Nathan Reuvers,17:41,13,4,7,1,1,2,2,3,2,5,0,0,1,1,0,4,2,13,8,VALENCIA BASKET,LDLC ASVEL VILLEURBANNE
26,3,2026-10-02 18:00:00,FALSE,P011706,1,0,PAM,5,"SAINT-SUPERY, MARIO",Mario Saint-Supery,14:00,0,0,1,0,3,0,0,1,1,2,3,0,1,0,1,1,1,-1,0,VALENCIA BASKET,LDLC ASVEL VILLEURBANNE
26,3,2026-10-02 18:00:00,FALSE,P010581,0,1,PAM,8,"OSETKOWSKI, DYLAN",Dylan Osetkowski,18:03,9,0,2,2,6,3,4,1,3,4,1,1,1,0,0,2,3,8,-1,VALENCIA BASKET,LDLC ASVEL VILLEURBANNE
26,3,2026-10-02 18:00:00,FALSE,P014115,0,0,PAM,10,"MOORE, OMARI",Omari Moore,18:22,7,3,6,0,0,1,1,0,1,1,5,0,1,1,1,1,2,10,-12,VALENCIA BASKET,LDLC ASVEL VILLEURBANNE
26,3,2026-10-02 18:00:00,FALSE,P013384,0,1,PAM,12,"BROOKS, ARMONI",Armoni Brooks,21:22,5,0,0,1,4,2,2,0,6,6,1,1,1,0,0,3,2,8,23,VALENCIA BASKET,LDLC ASVEL VILLEURBANNE
26,3,2026-10-02 18:00:00,FALSE,P010545,0,0,PAM,13,"SAKO, NEAL",Neal Sako,12:54,5,1,1,0,0,3,4,4,4,8,0,0,0,0,0,0,3,15,-5,VALENCIA BASKET,LDLC ASVEL VILLEURBANNE
26,3,2026-10-02 18:00:00,FALSE,P014740,0,0,PAM,20,"CORBALAN, GONZALO",Gonzalo Corbalan,04:38,0,0,0,0,0,0,0,0,0,0,1,0,1,0,0,0,1,1,-10,VALENCIA BASKET,LDLC ASVEL VILLEURBANNE
26,3,2026-10-02 18:00:00,FALSE,P000796,1,1,PAM,33,"MIROTIC, NIKOLA",Nikola Mirotic,17:43,22,2,2,4,7,6,7,0,2,2,1,1,0,0,0,2,4,24,14,VALENCIA BASKET,LDLC ASVEL VILLEURBANNE
26,3,2026-10-02 18:00:00,FALSE,P011214,0,0,PAM,41,"RIVERO, JASIEL",Jasiel Rivero,13:39,4,2,3,0,0,0,2,0,2,2,1,1,1,0,1,1,1,3,10,VALENCIA BASKET,LDLC ASVEL VILLEURBANNE
30,3,2026-10-02 18:15:00,FALSE,P011209,1,1,PAN,0,"KALAITZAKIS, PANAGIOTIS",Panagiotis Kalaitzakis,20:26,3,0,0,1,4,0,0,0,1,1,4,1,0,0,0,2,0,4,8,PANATHINAIKOS AKTOR ATHENS,MACCABI RAPYD TEL AVIV
30,3,2026-10-02 18:15:00,FALSE,P007975,0,0,PAN,3,"FRANCISCO, SYLVAIN",Sylvain Francisco,20:49,11,1,3,1,8,6,8,0,3,3,4,2,2,0,1,2,5,9,14,PANATHINAIKOS AKTOR ATHENS,MACCABI RAPYD TEL AVIV
30,3,2026-10-02 18:15:00,FALSE,P006544,0,1,PAN,6,"MORAITIS, DIMITRIS",Dimitris Moraitis,04:04,3,0,0,1,4,0,0,0,0,0,1,0,0,0,0,1,0,0,-4,PANATHINAIKOS AKTOR ATHENS,MACCABI RAPYD TEL AVIV
30,3,2026-10-02 18:15:00,FALSE,P007527,0,0,PAN,7,"BADIO, BRANCOU",Brancou Badio,15:17,0,0,0,0,2,0,0,0,3,3,2,0,1,0,1,0,0,1,13,PANATHINAIKOS AKTOR ATHENS,MACCABI RAPYD TEL AVIV
30,3,2026-10-02 18:15:00,FALSE,P008962,0,0,PAN,11,"HAYES-DAVIS, NIGEL",Nigel Hayes-Davis,24:39,13,2,3,3,6,0,0,1,3,4,4,1,0,0,0,2,2,18,15,PANATHINAIKOS AKTOR ATHENS,MACCABI RAPYD TEL AVIV
30,3,2026-10-02 18:15:00,FALSE,P011085,0,0,PAN,17,"ROGKAVOPOULOS, NIKOLAOS",Nikolaos Rogkavopoulos,DNP,0,0,0,0,0,0,0,0,0,0,0,0,0,0,0,0,0,0,0,PANATHINAIKOS AKTOR ATHENS,MACCABI RAPYD TEL AVIV
30,3,2026-10-02 18:15:00,FALSE,P011204,1,0,PAN,22,"GRANT, JERIAN",Jerian Grant,15:10,7,2,3,1,2,0,0,0,2,2,3,1,1,0,0,1,2,11,12,PANATHINAIKOS AKTOR ATHENS,MACCABI RAPYD TEL AVIV
30,3,2026-10-02 18:15:00,FALSE,P003842,0,0,PAN,26,"LESSORT, MATHIAS",Mathias Lessort,20:04,7,3,5,0,0,1,1,0,3,3,0,0,1,0,0,1,5,11,13,PANATHINAIKOS AKTOR ATHENS,MACCABI RAPYD TEL AVIV
30,3,2026-10-02 18:15:00,FALSE,P010357,1,1,PAN,28,"YABUSELE, GUERSCHON",Guerschon Yabusele,23:30,17,3,5,3,5,2,2,0,1,1,1,1,1,1,0,3,3,16,15,PANATHINAIKOS AKTOR ATHENS,MACCABI RAPYD TEL AVIV
30,3,2026-10-02 18:15:00,FALSE,P006760,0,0,PAN,32,"BONGA, ISAAC",Isaac Bonga,16:30,10,2,3,2,4,0,0,2,2,4,0,1,1,0,1,3,0,7,8,PANATHINAIKOS AKTOR ATHENS,MACCABI RAPYD TEL AVIV
30,3,2026-10-02 18:15:00,FALSE,P007866,1,1,PAN,44,"MITOGLOU, KONSTANTINOS",Konstantinos Mitoglou,16:42,8,3,5,0,0,2,4,3,5,8,1,1,2,0,0,0,3,15,11,PANATHINAIKOS AKTOR ATHENS,MACCABI RAPYD TEL AVIV
30,3,2026-10-02 18:15:00,FALSE,P008084,1,1,PAN,72,"MANTZOUKAS, ELEFTHERIOS",Eleftherios Mantzoukas,22:49,11,1,4,3,4,0,0,1,1,2,2,0,0,0,2,2,0,7,10,PANATHINAIKOS AKTOR ATHENS,MACCABI RAPYD TEL AVIV
30,3,2026-10-02 18:15:00,FALSE,P010781,1,1,TEL,0,"LUNDBERG, IFFE",Iffe Lundberg,18:01,6,1,1,1,4,1,1,0,3,3,2,0,2,0,0,3,3,6,-7,MACCABI RAPYD TEL AVIV,PANATHINAIKOS AKTOR ATHENS
30,3,2026-10-02 18:15:00,FALSE,P006835,1,0,TEL,1,"HOARD, JAYLEN",Jaylen Hoard,18:20,2,1,5,0,1,0,0,1,3,4,0,0,1,0,1,2,1,-2,-17,MACCABI RAPYD TEL AVIV,PANATHINAIKOS AKTOR ATHENS
30,3,2026-10-02 18:15:00,FALSE,P013699,1,0,TEL,2,"CLARK III, JIMMY",Jimmy Clark III,22:57,7,2,6,1,3,0,0,1,2,3,3,1,5,0,0,2,2,3,-12,MACCABI RAPYD TEL AVIV,PANATHINAIKOS AKTOR ATHENS
30,3,2026-10-02 18:15:00,FALSE,P006020,0,0,TEL,3,"EBO, AMIT",Amit Ebo,DNP,0,0,0,0,0,0,0,0,0,0,0,0,0,0,0,0,0,0,0,MACCABI RAPYD TEL AVIV,PANATHINAIKOS AKTOR ATHENS
30,3,2026-10-02 18:15:00,FALSE,P014015,0,0,TEL,5,"BACOT JR., ARMANDO",Armando Bacot Jr.,17:42,6,2,3,0,1,2,2,1,3,4,0,0,1,1,0,4,2,6,-19,MACCABI RAPYD TEL AVIV,PANATHINAIKOS AKTOR ATHENS
30,3,2026-10-02 18:15:00,FALSE,P011219,1,1,TEL,9,"SORKIN, ROMAN",Roman Sorkin,20:51,13,4,6,1,3,2,2,3,1,4,3,0,1,1,0,3,3,16,-4,MACCABI RAPYD TEL AVIV,PANATHINAIKOS AKTOR ATHENS
30,3,2026-10-02 18:15:00,FALSE,P014127,0,1,TEL,10,"BRISSETT, O'SHAE J",O'Shae J Brissett,24:27,8,1,2,1,2,3,3,1,3,4,0,0,0,1,0,1,3,13,-7,MACCABI RAPYD TEL AVIV,PANATHINAIKOS AKTOR ATHENS
30,3,2026-10-02 18:15:00,FALSE,P013381,0,1,TEL,11,"RAYMAN, WILLIAM",William Rayman,02:21,3,1,1,0,0,1,2,0,0,0,0,1,0,0,0,0,1,4,5,MACCABI RAPYD TEL AVIV,PANATHINAIKOS AKTOR ATHENS
30,3,2026-10-02 18:15:00,FALSE,P015085,0,1,TEL,17,"WALLACE, KEATON",Keaton Wallace,23:19,9,3,3,1,5,0,0,0,3,3,5,0,1,2,0,1,0,13,-9,MACCABI RAPYD TEL AVIV,PANATHINAIKOS AKTOR ATHENS
30,3,2026-10-02 18:15:00,FALSE,P014012,0,0,TEL,22,"LEAF, TJ",Tj Leaf,18:16,7,2,4,1,2,0,0,2,3,5,0,0,0,0,0,1,0,8,-8,MACCABI RAPYD TEL AVIV,PANATHINAIKOS AKTOR ATHENS
30,3,2026-10-02 18:15:00,FALSE,P011052,0,0,TEL,26,"MADAR, YAM",Yam Madar,15:43,4,1,4,0,3,2,2,0,0,0,4,0,1,0,0,2,1,0,-18,MACCABI RAPYD TEL AVIV,PANATHINAIKOS AKTOR ATHENS
30,3,2026-10-02 18:15:00,FALSE,P009783,1,0,TEL,50,"COLSON, BONZIE",Bonzie Colson,18:03,2,1,1,0,4,0,0,1,4,5,0,0,2,0,0,1,1,1,-19,MACCABI RAPYD TEL AVIV,PANATHINAIKOS AKTOR ATHENS
27,3,2026-10-02 18:30:00,FALSE,P011948,0,0,BAS,0,"HOWARD, MARKUS",Markus Howard,08:26,0,0,0,0,1,0,0,0,1,1,0,0,0,0,0,2,1,-1,-4,KOSNER BASKONIA VITORIA-GASTEIZ,ARMANI OLIMPIA MILAN
27,3,2026-10-02 18:30:00,FALSE,P014734,1,1,BAS,1,"LAWSON, A.J.",A.j. Lawson,28:07,16,2,3,4,7,0,0,0,3,3,3,0,1,0,0,2,0,15,11,KOSNER BASKONIA VITORIA-GASTEIZ,ARMANI OLIMPIA MILAN
27,3,2026-10-02 18:30:00,FALSE,P014152,1,0,BAS,2,"SIMMONS, KOBI",Kobi Simmons,22:26,9,3,8,1,3,0,0,1,2,3,4,0,3,0,1,3,4,6,-6,KOSNER BASKONIA VITORIA-GASTEIZ,ARMANI OLIMPIA MILAN
27,3,2026-10-02 18:30:00,FALSE,P012700,1,0,BAS,3,"STEWART, DJ",Dj Stewart,20:56,12,2,3,2,5,2,2,0,0,0,2,1,0,0,0,1,1,11,-6,KOSNER BASKONIA VITORIA-GASTEIZ,ARMANI OLIMPIA MILAN
27,3,2026-10-02 18:30:00,FALSE,P014735,0,1,BAS,5,"DUARTE, CHRIS",Chris Duarte,20:05,10,2,2,1,3,3,3,1,3,4,2,0,0,1,0,2,4,17,10,KOSNER BASKONIA VITORIA-GASTEIZ,ARMANI OLIMPIA MILAN
27,3,2026-10-02 18:30:00,FALSE,P014107,0,1,BAS,6,"JOKSIMOVIC, STEFAN",Stefan Joksimovic,03:21,0,0,0,0,0,0,0,0,0,0,0,0,2,0,0,2,0,-4,2,KOSNER BASKONIA VITORIA-GASTEIZ,ARMANI OLIMPIA MILAN
27,3,2026-10-02 18:30:00,FALSE,P005713,0,0,BAS,7,"KURUCS, RODIONS",Rodions Kurucs,16:15,5,1,3,1,2,0,0,1,4,5,1,2,1,0,0,4,2,7,10,KOSNER BASKONIA VITORIA-GASTEIZ,ARMANI OLIMPIA MILAN
27,3,2026-10-02 18:30:00,FALSE,P007230,0,0,BAS,8,"SEDEKERSKIS, TADAS",Tadas Sedekerskis,05:20,4,1,1,0,1,2,2,0,2,2,0,1,0,0,0,0,1,7,3,KOSNER BASKONIA VITORIA-GASTEIZ,ARMANI OLIMPIA MILAN
27,3,2026-10-02 18:30:00,FALSE,P008173,1,0,BAS,10,"SPAGNOLO, MATTEO",Matteo Spagnolo,18:41,5,1,2,1,1,0,0,0,1,1,4,0,2,0,0,1,0,6,-2,KOSNER BASKONIA VITORIA-GASTEIZ,ARMANI OLIMPIA MILAN
27,3,2026-10-02 18:30:00,FALSE,P014736,0,1,BAS,12,"BAUGH, DAMION",Damion Baugh,18:07,9,3,3,1,1,0,0,0,1,1,4,0,3,0,0,2,2,11,19,KOSNER BASKONIA VITORIA-GASTEIZ,ARMANI OLIMPIA MILAN
27,3,2026-10-02 18:30:00,FALSE,P013289,0,1,BAS,21,"SANTOS, MARCIO",Marcio Santos,17:48,10,3,5,0,1,4,4,3,3,6,0,1,1,1,1,3,3,13,22,KOSNER BASKONIA VITORIA-GASTEIZ,ARMANI OLIMPIA MILAN
27,3,2026-10-02 18:30:00,FALSE,P011284,1,0,BAS,35,"FARIED, KENNETH",Kenneth Faried,20:28,6,3,3,0,1,0,0,1,5,6,0,1,3,0,0,0,0,9,-9,KOSNER BASKONIA VITORIA-GASTEIZ,ARMANI OLIMPIA MILAN
27,3,2026-10-02 18:30:00,FALSE,P014782,0,1,MIL,0,"BURNELL, JASON",Jason Burnell,19:42,8,1,3,2,4,0,0,1,2,3,0,0,1,1,1,2,1,5,-6,ARMANI OLIMPIA MILAN,KOSNER BASKONIA VITORIA-GASTEIZ
27,3,2026-10-02 18:30:00,FALSE,P013929,0,1,MIL,2,"COLE, RJ",Rj Cole,21:47,8,2,4,0,5,4,4,0,4,4,0,2,2,1,1,2,7,10,-2,ARMANI OLIMPIA MILAN,KOSNER BASKONIA VITORIA-GASTEIZ
27,3,2026-10-02 18:30:00,FALSE,P012878,1,1,MIL,5,"WRIGHT, MOSES",Moses Wright,23:19,17,5,9,0,3,7,8,4,2,6,1,0,1,0,0,0,4,19,-13,ARMANI OLIMPIA MILAN,KOSNER BASKONIA VITORIA-GASTEIZ
27,3,2026-10-02 18:30:00,FALSE,P006509,0,0,MIL,7,"TONUT, STEFANO",Stefano Tonut,DNP,0,0,0,0,0,0,0,0,0,0,0,0,0,0,0,0,0,0,0,ARMANI OLIMPIA MILAN,KOSNER BASKONIA VITORIA-GASTEIZ
27,3,2026-10-02 18:30:00,FALSE,P008985,1,0,MIL,10,"BOLMARO, LEANDRO",Leandro Bolmaro,23:10,7,2,7,1,2,0,0,0,4,4,1,1,1,0,0,3,2,5,-7,ARMANI OLIMPIA MILAN,KOSNER BASKONIA VITORIA-GASTEIZ
27,3,2026-10-02 18:30:00,FALSE,P011078,1,0,MIL,13,"THOMPSON, DARIUS",Darius Thompson,14:35,2,1,3,0,1,0,0,0,0,0,3,2,2,0,0,1,0,1,-11,ARMANI OLIMPIA MILAN,KOSNER BASKONIA VITORIA-GASTEIZ
27,3,2026-10-02 18:30:00,FALSE,P001518,0,0,MIL,17,"RICCI, GIAMPAOLO",Giampaolo Ricci,05:33,3,0,0,1,1,0,0,0,1,1,0,0,0,0,0,1,0,3,10,ARMANI OLIMPIA MILAN,KOSNER BASKONIA VITORIA-GASTEIZ
27,3,2026-10-02 18:30:00,FALSE,P005670,0,0,MIL,21,"FLACCADORI, DIEGO",Diego Flaccadori,DNP,0,0,0,0,0,0,0,0,0,0,0,0,0,0,0,0,0,0,0,ARMANI OLIMPIA MILAN,KOSNER BASKONIA VITORIA-GASTEIZ
27,3,2026-10-02 18:30:00,FALSE,P011205,1,1,MIL,22,"HALL, DEVON",Devon Hall,35:03,12,3,7,2,3,0,0,1,1,2,12,0,1,0,0,3,1,18,-13,ARMANI OLIMPIA MILAN,KOSNER BASKONIA VITORIA-GASTEIZ
27,3,2026-10-02 18:30:00,FALSE,P014783,0,0,MIL,24,"MATHEWS, GARRISON",Garrison Mathews,15:01,3,1,1,0,3,1,2,0,0,0,0,3,1,0,0,2,1,0,1,ARMANI OLIMPIA MILAN,KOSNER BASKONIA VITORIA-GASTEIZ
27,3,2026-10-02 18:30:00,FALSE,P008829,1,1,MIL,25,"PETERS, ALEC",Alec Peters,25:09,10,2,4,1,2,3,4,3,4,7,1,0,1,0,0,2,4,15,-12,ARMANI OLIMPIA MILAN,KOSNER BASKONIA VITORIA-GASTEIZ
27,3,2026-10-02 18:30:00,FALSE,P007056,0,0,MIL,31,"BOOKER, DEVIN",Devin Booker,16:41,6,1,3,0,0,4,4,3,0,3,2,0,1,0,0,2,2,8,3,ARMANI OLIMPIA MILAN,KOSNER BASKONIA VITORIA-GASTEIZ
31,4,2026-10-07 18:45:00,FALSE,P015168,1,1,PRS,1,"WARREN, TJ",Tj Warren,21:39,9,3,6,1,3,0,0,1,1,2,3,0,1,0,0,0,2,10,-1,PARIS BASKETBALL,LDLC ASVEL VILLEURBANNE
31,4,2026-10-07 18:45:00,FALSE,P012640,1,1,PRS,2,"HIFI, NADIR",Nadir Hifi,24:40,30,7,15,4,7,4,6,0,3,3,2,4,4,0,1,3,4,22,0,PARIS BASKETBALL,LDLC ASVEL VILLEURBANNE
31,4,2026-10-07 18:45:00,FALSE,P012515,1,0,PRS,3,"TARPEY, TERRY",Terry Tarpey,16:30,0,0,0,0,0,0,0,0,0,0,1,2,1,1,0,3,2,2,0,PARIS BASKETBALL,LDLC ASVEL VILLEURBANNE
31,4,2026-10-07 18:45:00,FALSE,P013373,0,0,PRS,4,"CAVALIERE, LEOPOLD",Leopold Cavaliere,15:04,4,2,3,0,0,0,0,2,1,3,1,1,0,0,0,1,0,7,13,PARIS BASKETBALL,LDLC ASVEL VILLEURBANNE
31,4,2026-10-07 18:45:00,FALSE,P012611,1,1,PRS,7,"HERRERA, SEBASTIAN",Sebastian Herrera,16:49,6,0,0,2,8,0,0,0,1,1,2,1,0,0,0,4,1,1,5,PARIS BASKETBALL,LDLC ASVEL VILLEURBANNE
31,4,2026-10-07 18:45:00,FALSE,P015143,0,1,PRS,9,"ETIENNE, TYSON",Tyson Etienne,23:15,27,3,4,6,13,3,3,0,0,0,1,0,1,0,0,4,2,17,-5,PARIS BASKETBALL,LDLC ASVEL VILLEURBANNE
31,4,2026-10-07 18:45:00,FALSE,P006904,0,0,PRS,11,"AYAYI, JOEL",Joel Ayayi,16:25,8,1,1,2,4,0,0,0,2,2,3,1,2,0,0,3,1,8,-4,PARIS BASKETBALL,LDLC ASVEL VILLEURBANNE
31,4,2026-10-07 18:45:00,FALSE,P014010,0,1,PRS,13,"DOKOSSI, ALLAN",Allan Dokossi,21:06,0,0,2,0,0,0,0,5,4,9,3,3,1,0,0,1,1,12,-12,PARIS BASKETBALL,LDLC ASVEL VILLEURBANNE
31,4,2026-10-07 18:45:00,FALSE,P012403,1,0,PRS,15,"FAYE, MOUHAMED",Mouhamed Faye,14:11,9,4,6,0,0,1,2,6,0,6,0,0,1,1,0,1,1,12,3,PARIS BASKETBALL,LDLC ASVEL VILLEURBANNE
31,4,2026-10-07 18:45:00,FALSE,P010431,0,0,PRS,20,"MORGAN, JEREMY",Jeremy Morgan,16:08,0,0,0,0,3,0,0,0,0,0,0,1,0,0,0,0,2,0,-2,PARIS BASKETBALL,LDLC ASVEL VILLEURBANNE
31,4,2026-10-07 18:45:00,FALSE,P015160,0,0,PRS,24,"JOHNSON, ALIZE",Alize Johnson,08:00,3,1,4,0,0,1,1,1,1,2,0,0,0,0,2,1,1,0,-7,PARIS BASKETBALL,LDLC ASVEL VILLEURBANNE
31,4,2026-10-07 18:45:00,FALSE,P011949,0,0,PRS,34,"HOMMES, DAULTON",Daulton Hommes,06:13,0,0,0,0,0,0,0,0,2,2,0,0,0,0,0,0,1,3,0,PARIS BASKETBALL,LDLC ASVEL VILLEURBANNE
31,4,2026-10-07 18:45:00,FALSE,P013269,0,0,ASV,0,"CALE, MYLES",Myles Cale,DNP,0,0,0,0,0,0,0,0,0,0,0,0,0,0,0,0,0,0,0,LDLC ASVEL VILLEURBANNE,PARIS BASKETBALL
31,4,2026-10-07 18:45:00,FALSE,P015161,0,0,ASV,1,"FODZO DADA, MARC-OWEN",Marc-Owen Fodzo Dada,10:08,0,0,1,0,1,0,1,1,0,1,3,0,0,1,0,2,0,0,-7,LDLC ASVEL VILLEURBANNE,PARIS BASKETBALL
31,4,2026-10-07 18:45:00,FALSE,P015163,0,1,ASV,8,"MILLS, PATTY",Patty Mills,22:38,21,5,6,3,7,2,2,0,1,1,4,0,6,0,0,3,2,14,6,LDLC ASVEL VILLEURBANNE,PARIS BASKETBALL
31,4,2026-10-07 18:45:00,FALSE,P012618,0,0,ASV,10,"MASSA, BODIAN",Bodian Massa,16:48,4,2,3,0,0,0,0,1,3,4,0,0,0,1,0,0,0,8,0,LDLC ASVEL VILLEURBANNE,PARIS BASKETBALL
31,4,2026-10-07 18:45:00,FALSE,P013900,1,0,ASV,14,"GACH, BOTH",Both Gach,26:18,17,3,5,3,3,2,2,2,3,5,6,0,0,0,2,1,2,25,-8,LDLC ASVEL VILLEURBANNE,PARIS BASKETBALL
31,4,2026-10-07 18:45:00,FALSE,P009035,1,1,ASV,21,"BOLOMBOY, JOEL",Joel Bolomboy,16:15,3,1,1,0,0,1,2,3,2,5,0,1,4,0,0,2,2,4,4,LDLC ASVEL VILLEURBANNE,PARIS BASKETBALL
31,4,2026-10-07 18:45:00,FALSE,P003526,0,0,ASV,23,"LIGHTY, DAVID",David Lighty,09:39,2,1,2,0,2,0,0,0,1,1,1,0,0,0,0,1,1,1,1,LDLC ASVEL VILLEURBANNE,PARIS BASKETBALL
31,4,2026-10-07 18:45:00,FALSE,P015164,1,1,ASV,25,"BESSON, HUGO",Hugo Besson,27:37,16,3,3,2,5,4,5,2,4,6,3,0,2,0,0,3,4,20,4,LDLC ASVEL VILLEURBANNE,PARIS BASKETBALL
31,4,2026-10-07 18:45:00,FALSE,P006832,0,0,ASV,35,"PONS, YVES",Yves Pons,04:47,0,0,0,0,0,0,0,0,1,1,0,0,0,0,0,1,0,0,-4,LDLC ASVEL VILLEURBANNE,PARIS BASKETBALL
31,4,2026-10-07 18:45:00,FALSE,P015165,1,1,ASV,51,"WATERS, TREMONT",Tremont Waters,23:40,19,2,2,4,4,3,5,0,2,2,3,2,3,0,0,0,4,25,10,LDLC ASVEL VILLEURBANNE,PARIS BASKETBALL
31,4,2026-10-07 18:45:00,FALSE,P011980,0,0,ASV,77,"SESTINA, NATHAN",Nathan Sestina,12:34,5,1,4,1,2,0,0,1,2,3,1,2,1,0,0,5,0,1,3,LDLC ASVEL VILLEURBANNE,PARIS BASKETBALL
31,4,2026-10-07 18:45:00,FALSE,P015166,1,1,ASV,99,"CROWDER, JAE",Jae Crowder,29:36,11,2,8,1,3,4,7,3,2,5,5,0,3,1,0,0,6,14,1,LDLC ASVEL VILLEURBANNE,PARIS BASKETBALL
37,4,2026-10-08 16:00:00,FALSE,P011212,1,1,DUB,0,"OKOBO, ELIE",Elie Okobo,28:44,10,1,7,2,6,2,2,0,3,3,2,1,0,0,1,0,2,7,-14,DUBAI BASKETBALL,CRVENA ZVEZDA MERIDIANBET BELGRADE
37,4,2026-10-08 16:00:00,FALSE,P005942,0,0,DUB,2,"DANGUBIC, NEMANJA",Nemanja Dangubic,05:28,0,0,1,0,1,0,0,0,0,0,0,1,0,0,0,0,0,-1,-8,DUBAI BASKETBALL,CRVENA ZVEZDA MERIDIANBET BELGRADE
37,4,2026-10-08 16:00:00,FALSE,P011286,1,0,DUB,3,"BACON, DWAYNE",Dwayne Bacon,30:51,13,5,12,0,2,3,4,0,3,3,4,2,1,1,0,2,5,15,-9,DUBAI BASKETBALL,CRVENA ZVEZDA MERIDIANBET BELGRADE
37,4,2026-10-08 16:00:00,FALSE,P011231,1,0,DUB,4,"BLOSSOMGAME, JARON",Jaron Blossomgame,17:47,7,2,4,1,1,0,0,0,4,4,0,0,1,0,0,3,1,6,-6,DUBAI BASKETBALL,CRVENA ZVEZDA MERIDIANBET BELGRADE
37,4,2026-10-08 16:00:00,FALSE,P014731,0,1,DUB,6,"MINTZ, DAVION",Davion Mintz,09:46,0,0,2,0,2,0,0,1,0,1,0,0,0,0,1,0,0,-4,-8,DUBAI BASKETBALL,CRVENA ZVEZDA MERIDIANBET BELGRADE
37,4,2026-10-08 16:00:00,FALSE,P014031,0,1,DUB,11,"KONDIC, KOSTA",Kosta Kondic,09:44,1,0,0,0,1,1,2,0,3,3,0,0,1,0,0,1,2,2,0,DUBAI BASKETBALL,CRVENA ZVEZDA MERIDIANBET BELGRADE
37,4,2026-10-08 16:00:00,FALSE,P012796,1,0,DUB,17,"KABENGELE, MFIONDU",Mfiondu Kabengele,24:53,8,3,3,0,1,2,2,2,1,3,1,2,4,0,0,3,4,10,-23,DUBAI BASKETBALL,CRVENA ZVEZDA MERIDIANBET BELGRADE
37,4,2026-10-08 16:00:00,FALSE,P014027,0,1,DUB,21,"DIAKITE, MAMADI",Mamadi Diakite,16:29,7,2,4,1,1,0,0,3,5,8,0,0,0,0,0,0,0,13,-1,DUBAI BASKETBALL,CRVENA ZVEZDA MERIDIANBET BELGRADE
37,4,2026-10-08 16:00:00,FALSE,P001133,0,1,DUB,23,"SHENGELIA, TORNIKE",Tornike Shengelia,22:13,12,2,3,1,1,5,6,2,2,4,0,0,1,1,0,1,5,18,-13,DUBAI BASKETBALL,CRVENA ZVEZDA MERIDIANBET BELGRADE
37,4,2026-10-08 16:00:00,FALSE,P012606,1,0,DUB,25,"WRIGHT IV, MCKINLEY",Mckinley Wright IV,19:23,0,0,2,0,2,0,0,0,1,1,1,0,2,0,0,3,1,-6,-7,DUBAI BASKETBALL,CRVENA ZVEZDA MERIDIANBET BELGRADE
37,4,2026-10-08 16:00:00,FALSE,P011194,0,0,DUB,30,"PETRUSEV, FILIP",Filip Petrusev,DNP,0,0,0,0,0,0,0,0,0,0,0,0,0,0,0,0,0,0,0,DUBAI BASKETBALL,CRVENA ZVEZDA MERIDIANBET BELGRADE
37,4,2026-10-08 16:00:00,FALSE,P008855,0,0,DUB,44,"WALKUP, THOMAS",Thomas Walkup,14:42,0,0,1,0,4,0,0,0,2,2,3,1,1,0,0,2,0,-2,-6,DUBAI BASKETBALL,CRVENA ZVEZDA MERIDIANBET BELGRADE
37,4,2026-10-08 16:00:00,FALSE,P010568,0,1,RED,1,"JONES, CHRIS",Chris Jones,23:06,9,3,5,1,5,0,0,1,3,4,4,1,0,0,0,1,6,17,3,CRVENA ZVEZDA MERIDIANBET BELGRADE,DUBAI BASKETBALL
37,4,2026-10-08 16:00:00,FALSE,P010391,1,1,RED,3,"WEILER-BABB, NICK",Nick Weiler-Babb,18:58,2,1,2,0,0,0,0,1,1,2,6,0,3,0,0,2,2,6,14,CRVENA ZVEZDA MERIDIANBET BELGRADE,DUBAI BASKETBALL
37,4,2026-10-08 16:00:00,FALSE,P014163,0,0,RED,6,"BUTLER, JARED",Jared Butler,21:03,11,2,6,2,4,1,1,0,1,1,2,0,1,0,1,2,1,5,7,CRVENA ZVEZDA MERIDIANBET BELGRADE,DUBAI BASKETBALL
37,4,2026-10-08 16:00:00,FALSE,P007960,0,1,RED,7,"DAVIDOVAC, DEJAN",Dejan Davidovac,14:56,3,1,2,0,2,1,2,0,5,5,0,2,0,1,0,2,1,6,20,CRVENA ZVEZDA MERIDIANBET BELGRADE,DUBAI BASKETBALL
37,4,2026-10-08 16:00:00,FALSE,P011305,1,0,RED,11,"CARTER, TYSON",Tyson Carter,16:53,4,2,3,0,3,0,0,0,1,1,2,1,1,0,0,1,1,3,8,CRVENA ZVEZDA MERIDIANBET BELGRADE,DUBAI BASKETBALL
37,4,2026-10-08 16:00:00,FALSE,P004007,0,0,RED,13,"DOBRIC, OGNJEN",Ognjen Dobric,05:19,0,0,0,0,0,0,0,1,1,2,1,0,0,0,0,2,0,1,9,CRVENA ZVEZDA MERIDIANBET BELGRADE,DUBAI BASKETBALL
37,4,2026-10-08 16:00:00,FALSE,P014029,1,1,RED,15,"IZUNDU, EBUKA",Ebuka Izundu,18:14,8,3,4,0,0,2,2,2,1,3,0,0,2,0,1,3,2,6,-10,CRVENA ZVEZDA MERIDIANBET BELGRADE,DUBAI BASKETBALL
37,4,2026-10-08 16:00:00,FALSE,P014728,0,0,RED,24,"BALDWIN, PATRICK",Patrick Baldwin,09:39,3,1,1,0,0,1,3,1,1,2,0,0,0,1,0,0,1,5,-4,CRVENA ZVEZDA MERIDIANBET BELGRADE,DUBAI BASKETBALL
37,4,2026-10-08 16:00:00,FALSE,P013363,1,1,RED,33,"NWORA, JORDAN",Jordan Nwora,23:13,20,5,7,3,6,1,2,1,5,6,0,2,1,0,0,1,1,21,16,CRVENA ZVEZDA MERIDIANBET BELGRADE,DUBAI BASKETBALL
37,4,2026-10-08 16:00:00,FALSE,P011982,0,0,RED,37,"OJELEYE, SEMI",Semi Ojeleye,21:46,12,2,2,1,4,5,6,3,4,7,1,0,0,0,0,2,3,17,29,CRVENA ZVEZDA MERIDIANBET BELGRADE,DUBAI BASKETBALL
37,4,2026-10-08 16:00:00,FALSE,P006482,0,0,RED,44,"KRAMER, DAVID",David Kramer,11:28,0,0,1,0,4,0,0,0,2,2,1,1,0,0,0,1,0,-2,-6,CRVENA ZVEZDA MERIDIANBET BELGRADE,DUBAI BASKETBALL
37,4,2026-10-08 16:00:00,FALSE,P012201,1,0,RED,95,"MONEKE, CHIMA",Chima Moneke,15:25,5,1,3,1,2,0,0,0,3,3,1,1,1,0,0,3,0,3,3,CRVENA ZVEZDA MERIDIANBET BELGRADE,DUBAI BASKETBALL
32,4,2026-10-08 16:00:00,FALSE,P010781,1,1,TEL,0,"LUNDBERG, IFFE",Iffe Lundberg,25:38,8,0,2,2,4,2,2,1,1,2,4,0,0,0,0,3,1,8,18,MACCABI RAPYD TEL AVIV,ARMANI OLIMPIA MILAN
32,4,2026-10-08 16:00:00,FALSE,P006835,1,0,TEL,1,"HOARD, JAYLEN",Jaylen Hoard,27:34,13,5,7,0,0,3,5,0,4,4,4,1,0,0,0,3,5,20,0,MACCABI RAPYD TEL AVIV,ARMANI OLIMPIA MILAN
32,4,2026-10-08 16:00:00,FALSE,P013699,0,1,TEL,2,"CLARK III, JIMMY",Jimmy Clark III,17:44,9,3,4,1,3,0,0,0,2,2,4,1,2,1,0,3,3,12,18,MACCABI RAPYD TEL AVIV,ARMANI OLIMPIA MILAN
32,4,2026-10-08 16:00:00,FALSE,P014015,0,1,TEL,5,"BACOT JR., ARMANDO",Armando Bacot Jr.,14:18,5,1,2,1,1,0,0,1,0,1,0,2,0,1,0,3,0,5,18,MACCABI RAPYD TEL AVIV,ARMANI OLIMPIA MILAN
32,4,2026-10-08 16:00:00,FALSE,P011219,1,0,TEL,9,"SORKIN, ROMAN",Roman Sorkin,11:17,12,4,5,1,2,1,2,0,1,1,0,1,3,0,0,3,1,6,0,MACCABI RAPYD TEL AVIV,ARMANI OLIMPIA MILAN
32,4,2026-10-08 16:00:00,FALSE,P014127,1,1,TEL,10,"BRISSETT, O'SHAE J",O'Shae J Brissett,24:01,6,0,0,1,2,3,5,0,3,3,2,1,0,0,0,2,2,9,18,MACCABI RAPYD TEL AVIV,ARMANI OLIMPIA MILAN
32,4,2026-10-08 16:00:00,FALSE,P013381,0,0,TEL,11,"RAYMAN, WILLIAM",William Rayman,05:29,0,0,0,0,0,0,0,0,0,0,0,0,0,0,0,0,0,0,0,MACCABI RAPYD TEL AVIV,ARMANI OLIMPIA MILAN
32,4,2026-10-08 16:00:00,FALSE,P015085,0,0,TEL,17,"WALLACE, KEATON",Keaton Wallace,13:37,6,3,5,0,2,0,1,0,2,2,1,0,0,0,0,3,1,2,0,MACCABI RAPYD TEL AVIV,ARMANI OLIMPIA MILAN
32,4,2026-10-08 16:00:00,FALSE,P014012,0,0,TEL,22,"LEAF, TJ",Tj Leaf,05:43,0,0,1,0,0,0,0,1,0,1,1,0,1,0,0,0,0,0,0,MACCABI RAPYD TEL AVIV,ARMANI OLIMPIA MILAN
32,4,2026-10-08 16:00:00,FALSE,P004132,0,0,TEL,23,"THEIS, DANIEL",Daniel Theis,14:25,8,4,4,0,1,0,0,1,2,3,2,2,2,0,0,3,0,9,0,MACCABI RAPYD TEL AVIV,ARMANI OLIMPIA MILAN
32,4,2026-10-08 16:00:00,FALSE,P011052,1,0,TEL,26,"MADAR, YAM",Yam Madar,23:01,17,2,4,2,6,7,7,1,1,2,4,2,0,0,1,1,5,22,0,MACCABI RAPYD TEL AVIV,ARMANI OLIMPIA MILAN
32,4,2026-10-08 16:00:00,FALSE,P009783,0,1,TEL,50,"COLSON, BONZIE",Bonzie Colson,17:13,13,5,5,1,3,0,0,2,2,4,0,2,0,0,0,0,0,17,18,MACCABI RAPYD TEL AVIV,ARMANI OLIMPIA MILAN
32,4,2026-10-08 16:00:00,FALSE,P014782,0,1,MIL,0,"BURNELL, JASON",Jason Burnell,13:05,6,0,1,2,4,0,0,0,2,2,1,0,1,0,0,0,0,5,-18,ARMANI OLIMPIA MILAN,MACCABI RAPYD TEL AVIV
32,4,2026-10-08 16:00:00,FALSE,P013929,0,1,MIL,2,"COLE, RJ",Rj Cole,21:04,8,3,5,0,1,2,2,1,1,2,1,1,1,0,0,2,3,9,-18,ARMANI OLIMPIA MILAN,MACCABI RAPYD TEL AVIV
32,4,2026-10-08 16:00:00,FALSE,P012878,1,1,MIL,5,"WRIGHT, MOSES",Moses Wright,26:57,23,9,10,0,0,5,6,4,4,8,1,0,0,0,0,2,4,32,-18,ARMANI OLIMPIA MILAN,MACCABI RAPYD TEL AVIV
32,4,2026-10-08 16:00:00,FALSE,P013385,0,0,MIL,6,"DIOP, OUSMANE",Ousmane Diop,DNP,0,0,0,0,0,0,0,0,0,0,0,0,0,0,0,0,0,0,0,ARMANI OLIMPIA MILAN,MACCABI RAPYD TEL AVIV
32,4,2026-10-08 16:00:00,FALSE,P008985,0,1,MIL,10,"BOLMARO, LEANDRO",Leandro Bolmaro,23:08,4,1,3,0,2,2,2,1,5,6,3,0,3,0,0,2,3,7,-18,ARMANI OLIMPIA MILAN,MACCABI RAPYD TEL AVIV
32,4,2026-10-08 16:00:00,FALSE,P011078,1,0,MIL,13,"THOMPSON, DARIUS",Darius Thompson,15:02,2,0,0,0,1,2,2,0,0,0,2,1,1,1,0,2,1,3,0,ARMANI OLIMPIA MILAN,MACCABI RAPYD TEL AVIV
32,4,2026-10-08 16:00:00,FALSE,P001518,0,0,MIL,17,"RICCI, GIAMPAOLO",Giampaolo Ricci,DNP,0,0,0,0,0,0,0,0,0,0,0,0,0,0,0,0,0,0,0,ARMANI OLIMPIA MILAN,MACCABI RAPYD TEL AVIV
32,4,2026-10-08 16:00:00,FALSE,P011205,1,0,MIL,22,"HALL, DEVON",Devon Hall,24:47,4,0,0,1,4,1,2,0,4,4,9,0,3,0,0,1,3,12,0,ARMANI OLIMPIA MILAN,MACCABI RAPYD TEL AVIV
32,4,2026-10-08 16:00:00,FALSE,P004004,0,0,MIL,23,"GUDURIC, MARKO",Marko Guduric,17:20,5,0,2,1,4,2,2,0,1,1,2,1,3,0,1,2,2,0,0,ARMANI OLIMPIA MILAN,MACCABI RAPYD TEL AVIV
32,4,2026-10-08 16:00:00,FALSE,P014783,1,1,MIL,24,"MATHEWS, GARRISON",Garrison Mathews,18:39,8,1,2,1,6,3,4,0,3,3,2,1,0,0,0,4,4,7,-18,ARMANI OLIMPIA MILAN,MACCABI RAPYD TEL AVIV
32,4,2026-10-08 16:00:00,FALSE,P008829,1,0,MIL,25,"PETERS, ALEC",Alec Peters,26:55,12,2,4,2,4,2,2,2,0,2,2,1,1,0,0,1,1,12,0,ARMANI OLIMPIA MILAN,MACCABI RAPYD TEL AVIV
32,4,2026-10-08 16:00:00,FALSE,P007056,0,0,MIL,31,"BOOKER, DEVIN",Devin Booker,13:03,7,1,4,0,0,5,6,3,1,4,0,0,2,0,1,0,3,7,0,ARMANI OLIMPIA MILAN,MACCABI RAPYD TEL AVIV
33,4,2026-10-08 18:00:00,FALSE,P011244,0,1,MUN,1,"DA SILVA, OSCAR",Oscar Da Silva,26:02,18,7,8,1,1,1,2,2,1,3,0,2,1,0,0,3,3,20,-2,FC BAYERN MUNICH,VIRTUS BOLOGNA
33,4,2026-10-08 18:00:00,FALSE,P014732,0,0,MUN,3,"BEAUCHAMP, MARJON",Marjon Beauchamp,27:47,15,3,6,2,5,3,3,3,6,9,3,2,4,0,0,1,3,21,-4,FC BAYERN MUNICH,VIRTUS BOLOGNA
33,4,2026-10-08 18:00:00,FALSE,P013370,0,1,MUN,4,"WASHINGTON, DUANE",Duane Washington,25:31,18,4,10,3,7,1,2,0,0,0,5,0,3,0,3,3,2,5,-10,FC BAYERN MUNICH,VIRTUS BOLOGNA
33,4,2026-10-08 18:00:00,FALSE,P001557,0,0,MUN,5,"GIFFEY, NIELS",Niels Giffey,05:32,0,0,0,0,0,0,0,0,0,0,1,0,0,0,0,0,1,2,-1,FC BAYERN MUNICH,VIRTUS BOLOGNA
33,4,2026-10-08 18:00:00,FALSE,P007201,0,0,MUN,7,"VOIGTMANN, JOHANNES",Johannes Voigtmann,02:57,2,1,1,0,0,0,0,0,1,1,0,0,1,0,0,0,0,2,0,FC BAYERN MUNICH,VIRTUS BOLOGNA
33,4,2026-10-08 18:00:00,FALSE,P013290,0,1,MUN,10,"JESSUP, JUSTINIAN",Justinian Jessup,09:37,2,1,2,0,1,0,0,2,3,5,1,1,0,0,0,1,1,7,8,FC BAYERN MUNICH,VIRTUS BOLOGNA
33,4,2026-10-08 18:00:00,FALSE,P001288,1,0,MUN,11,"LUCIC, VLADIMIR",Vladimir Lucic,10:52,0,0,1,0,0,0,0,0,0,0,0,0,1,0,0,4,0,-6,-4,FC BAYERN MUNICH,VIRTUS BOLOGNA
33,4,2026-10-08 18:00:00,FALSE,P004508,1,1,MUN,13,"OBST, ANDREAS",Andreas Obst,26:10,9,0,4,3,9,0,0,0,2,2,1,0,2,0,1,2,1,-2,-5,FC BAYERN MUNICH,VIRTUS BOLOGNA
33,4,2026-10-08 18:00:00,FALSE,P009513,1,0,MUN,21,"HOLLATZ, JUSTUS",Justus Hollatz,12:21,3,0,2,1,2,0,0,0,0,0,1,0,0,0,1,4,0,-4,1,FC BAYERN MUNICH,VIRTUS BOLOGNA
33,4,2026-10-08 18:00:00,FALSE,P007519,0,0,MUN,31,"JOKUBAITIS, ROKAS",Rokas Jokubaitis,13:37,8,0,2,2,3,2,2,1,0,1,1,1,3,0,1,1,2,5,-7,FC BAYERN MUNICH,VIRTUS BOLOGNA
33,4,2026-10-08 18:00:00,FALSE,P003958,1,1,MUN,32,"THIEMANN, JOHANNES",Johannes Thiemann,23:55,6,1,4,0,2,4,4,5,2,7,2,1,0,0,1,1,5,14,-6,FC BAYERN MUNICH,VIRTUS BOLOGNA
33,4,2026-10-08 18:00:00,FALSE,P013278,1,0,MUN,50,"WILEY, AUSTIN",Austin Wiley,15:39,6,2,4,0,0,2,4,2,3,5,2,1,0,3,0,2,2,13,-5,FC BAYERN MUNICH,VIRTUS BOLOGNA
33,4,2026-10-08 18:00:00,FALSE,P014802,0,0,VIR,0,"BELLO, RASHEED",Rasheed Bello,12:52,4,2,4,0,3,0,0,2,0,2,2,0,1,0,0,2,1,1,8,VIRTUS BOLOGNA,FC BAYERN MUNICH
33,4,2026-10-08 18:00:00,FALSE,P015029,0,1,VIR,1,"FRAZIER, TRENT",Trent Frazier,17:47,10,2,5,2,6,0,0,0,0,0,2,1,1,0,0,0,2,7,-7,VIRTUS BOLOGNA,FC BAYERN MUNICH
33,4,2026-10-08 18:00:00,FALSE,P012707,1,1,VIR,2,"CARR, MARCUS",Marcus Carr,23:47,13,2,3,1,3,6,6,0,1,1,3,2,2,0,0,1,3,16,1,VIRTUS BOLOGNA,FC BAYERN MUNICH
33,4,2026-10-08 18:00:00,FALSE,P011837,0,0,VIR,3,"KOKILA, KEVIN",Kevin Kokila,07:24,0,0,0,0,0,0,0,0,2,2,1,0,1,0,0,1,0,1,-3,VIRTUS BOLOGNA,FC BAYERN MUNICH
33,4,2026-10-08 18:00:00,FALSE,P014737,1,1,VIR,8,"MOORE, WENDELL",Wendell Moore,24:25,20,5,9,2,3,4,4,3,6,9,0,3,2,1,1,2,5,28,-2,VIRTUS BOLOGNA,FC BAYERN MUNICH
33,4,2026-10-08 18:00:00,FALSE,P014416,1,1,VIR,9,"EDWARDS, KESSLER",Kessler Edwards,17:58,5,1,1,1,3,0,0,2,0,2,0,1,0,0,0,2,0,4,-9,VIRTUS BOLOGNA,FC BAYERN MUNICH
33,4,2026-10-08 18:00:00,FALSE,P006707,0,0,VIR,11,"BALDASSO, TOMMASO",Tommaso Baldasso,10:35,5,1,1,1,2,0,0,0,2,2,3,0,1,0,0,1,0,7,10,VIRTUS BOLOGNA,FC BAYERN MUNICH
33,4,2026-10-08 18:00:00,FALSE,P014005,1,0,VIR,21,"ALSTON JR., DERRICK",Derrick Alston Jr.,21:38,11,2,6,1,5,4,4,0,2,2,1,2,2,0,2,1,3,6,10,VIRTUS BOLOGNA,FC BAYERN MUNICH
33,4,2026-10-08 18:00:00,FALSE,P001844,0,0,VIR,23,"HACKETT, DANIEL",Daniel Hackett,09:46,0,0,0,0,0,0,0,0,0,0,0,0,1,0,0,3,0,-4,1,VIRTUS BOLOGNA,FC BAYERN MUNICH
33,4,2026-10-08 18:00:00,FALSE,P014108,0,0,VIR,31,"DIARRA, ALIOU",Aliou Diarra,17:07,6,0,0,0,0,6,8,1,7,8,0,0,1,3,0,1,5,18,10,VIRTUS BOLOGNA,FC BAYERN MUNICH
33,4,2026-10-08 18:00:00,FALSE,P014738,0,1,VIR,34,"KLINTMAN, BO",Bo Klintman,23:07,15,3,3,3,6,0,0,0,2,2,2,0,1,0,0,3,0,12,12,VIRTUS BOLOGNA,FC BAYERN MUNICH
33,4,2026-10-08 18:00:00,FALSE,P013374,1,0,VIR,35,"DIOUF, MOUHAMET",Mouhamet Diouf,13:34,5,1,1,0,0,3,6,2,1,3,1,1,1,3,0,3,3,9,4,VIRTUS BOLOGNA,FC BAYERN MUNICH
36,4,2026-10-08 18:15:00,FALSE,P011209,1,0,PAN,0,"KALAITZAKIS, PANAGIOTIS",Panagiotis Kalaitzakis,13:01,0,0,0,0,1,0,0,0,0,0,3,1,1,0,0,2,0,0,-3,PANATHINAIKOS AKTOR ATHENS,FENERBAHCE TARFIN ISTANBUL
36,4,2026-10-08 18:15:00,FALSE,P007975,0,1,PAN,3,"FRANCISCO, SYLVAIN",Sylvain Francisco,25:47,17,4,7,2,7,3,4,0,3,3,7,0,2,0,1,2,7,20,13,PANATHINAIKOS AKTOR ATHENS,FENERBAHCE TARFIN ISTANBUL
36,4,2026-10-08 18:15:00,FALSE,P007527,0,1,PAN,7,"BADIO, BRANCOU",Brancou Badio,19:47,7,1,1,1,3,2,2,1,1,2,2,2,0,0,0,3,1,9,15,PANATHINAIKOS AKTOR ATHENS,FENERBAHCE TARFIN ISTANBUL
36,4,2026-10-08 18:15:00,FALSE,P008962,0,1,PAN,11,"HAYES-DAVIS, NIGEL",Nigel Hayes-Davis,26:16,19,6,10,2,5,1,3,2,2,4,0,3,1,0,0,4,4,16,24,PANATHINAIKOS AKTOR ATHENS,FENERBAHCE TARFIN ISTANBUL
36,4,2026-10-08 18:15:00,FALSE,P011085,0,0,PAN,17,"ROGKAVOPOULOS, NIKOLAOS",Nikolaos Rogkavopoulos,09:44,10,2,2,1,1,3,3,1,1,2,0,0,0,0,0,0,1,13,11,PANATHINAIKOS AKTOR ATHENS,FENERBAHCE TARFIN ISTANBUL
36,4,2026-10-08 18:15:00,FALSE,P011204,1,0,PAN,22,"GRANT, JERIAN",Jerian Grant,11:21,0,0,1,0,1,0,0,0,1,1,4,0,1,0,0,0,0,2,5,PANATHINAIKOS AKTOR ATHENS,FENERBAHCE TARFIN ISTANBUL
36,4,2026-10-08 18:15:00,FALSE,P003842,0,1,PAN,26,"LESSORT, MATHIAS",Mathias Lessort,23:08,19,6,9,0,0,7,10,5,3,8,1,1,0,1,0,0,6,30,22,PANATHINAIKOS AKTOR ATHENS,FENERBAHCE TARFIN ISTANBUL
36,4,2026-10-08 18:15:00,FALSE,P010357,1,0,PAN,28,"YABUSELE, GUERSCHON",Guerschon Yabusele,21:48,8,2,4,1,1,1,4,1,6,7,1,0,1,0,0,4,2,8,-6,PANATHINAIKOS AKTOR ATHENS,FENERBAHCE TARFIN ISTANBUL
36,4,2026-10-08 18:15:00,FALSE,P006760,0,1,PAN,32,"BONGA, ISAAC",Isaac Bonga,21:34,0,0,1,0,1,0,0,0,1,1,1,1,0,2,0,4,0,-1,17,PANATHINAIKOS AKTOR ATHENS,FENERBAHCE TARFIN ISTANBUL
36,4,2026-10-08 18:15:00,FALSE,P007866,1,0,PAN,44,"MITOGLOU, KONSTANTINOS",Konstantinos Mitoglou,14:43,8,2,2,0,0,4,4,1,4,5,0,0,1,0,0,3,2,11,-3,PANATHINAIKOS AKTOR ATHENS,FENERBAHCE TARFIN ISTANBUL
36,4,2026-10-08 18:15:00,FALSE,P008084,1,0,PAN,72,"MANTZOUKAS, ELEFTHERIOS",Eleftherios Mantzoukas,11:19,2,1,2,0,1,0,0,0,0,0,1,0,0,0,1,0,0,0,-7,PANATHINAIKOS AKTOR ATHENS,FENERBAHCE TARFIN ISTANBUL
36,4,2026-10-08 18:15:00,FALSE,P008811,0,0,PAN,93,"FALL, MOUSTAPHA",Moustapha Fall,01:32,2,1,1,0,0,0,2,0,1,1,0,0,0,0,0,0,1,2,2,PANATHINAIKOS AKTOR ATHENS,FENERBAHCE TARFIN ISTANBUL
36,4,2026-10-08 18:15:00,FALSE,P013506,1,0,ULK,1,"BINGHAM, MARCUS",Marcus Bingham,16:17,5,1,4,1,3,0,0,2,0,2,0,1,2,1,0,3,1,0,-6,FENERBAHCE TARFIN ISTANBUL,PANATHINAIKOS AKTOR ATHENS
36,4,2026-10-08 18:15:00,FALSE,P009863,0,1,ULK,2,"BALDWIN IV, WADE",Wade Baldwin IV,25:41,9,4,6,0,4,1,2,2,1,3,5,0,4,0,0,1,4,9,-21,FENERBAHCE TARFIN ISTANBUL,PANATHINAIKOS AKTOR ATHENS
36,4,2026-10-08 18:15:00,FALSE,P002849,0,0,ULK,4,"MELLI, NICOLO",Nicolo Melli,13:15,9,1,1,2,3,1,2,1,1,2,0,0,0,0,0,5,2,6,-5,FENERBAHCE TARFIN ISTANBUL,PANATHINAIKOS AKTOR ATHENS
36,4,2026-10-08 18:15:00,FALSE,P002968,0,0,ULK,5,"SANLI, SERTAC",Sertac Sanli,10:15,0,0,1,0,1,0,0,1,1,2,0,0,1,0,0,5,2,-4,-6,FENERBAHCE TARFIN ISTANBUL,PANATHINAIKOS AKTOR ATHENS
36,4,2026-10-08 18:15:00,FALSE,P014124,1,0,ULK,8,"HORTON TUCKER, TALEN",Talen Horton Tucker,20:57,9,4,6,0,4,1,1,1,2,3,2,1,4,1,0,1,3,8,-8,FENERBAHCE TARFIN ISTANBUL,PANATHINAIKOS AKTOR ATHENS
36,4,2026-10-08 18:15:00,FALSE,P014733,0,1,ULK,9,"JUZANG, JOHNNY",Johnny Juzang,08:28,10,2,2,2,3,0,0,0,2,2,0,1,0,0,0,0,1,13,-1,FENERBAHCE TARFIN ISTANBUL,PANATHINAIKOS AKTOR ATHENS
36,4,2026-10-08 18:15:00,FALSE,P013367,1,0,ULK,11,"FORREST, TRENT",Trent Forrest,15:30,2,1,3,0,0,0,0,0,2,2,2,0,1,0,0,4,1,0,0,FENERBAHCE TARFIN ISTANBUL,PANATHINAIKOS AKTOR ATHENS
36,4,2026-10-08 18:15:00,FALSE,P014168,1,1,ULK,12,"KEY, BRAXTON",Braxton Key,28:43,13,5,8,1,3,0,0,4,3,7,2,0,0,0,1,1,0,15,-12,FENERBAHCE TARFIN ISTANBUL,PANATHINAIKOS AKTOR ATHENS
36,4,2026-10-08 18:15:00,FALSE,P004888,0,0,ULK,21,"CLYBURN, WILL",Will Clyburn,20:09,6,0,2,2,3,0,0,0,2,2,3,2,0,0,0,1,1,10,-8,FENERBAHCE TARFIN ISTANBUL,PANATHINAIKOS AKTOR ATHENS
36,4,2026-10-08 18:15:00,FALSE,P014220,0,1,ULK,30,"SILVA, CHRIS",Chris Silva,06:37,2,0,1,0,0,2,4,1,2,3,0,0,1,0,1,2,2,0,-2,FENERBAHCE TARFIN ISTANBUL,PANATHINAIKOS AKTOR ATHENS
36,4,2026-10-08 18:15:00,FALSE,P007831,1,1,ULK,31,"SHIELDS, SHAVON",Shavon Shields,28:12,6,1,1,0,4,4,4,2,2,4,1,0,3,0,0,1,4,7,-8,FENERBAHCE TARFIN ISTANBUL,PANATHINAIKOS AKTOR ATHENS
36,4,2026-10-08 18:15:00,FALSE,P006896,0,0,ULK,43,"SARGIUNAS, IGNAS",Ignas Sargiunas,05:56,3,0,1,1,2,0,0,1,0,1,1,0,0,0,1,1,1,2,-13,FENERBAHCE TARFIN ISTANBUL,PANATHINAIKOS AKTOR ATHENS
34,4,2026-10-08 18:30:00,FALSE,P012608,1,0,PAM,0,"SHORTS, TJ",Tj Shorts,23:19,15,4,10,1,1,4,6,0,0,0,7,1,2,0,0,1,5,17,14,VALENCIA BASKET,HAPOEL IBI TEL AVIV
34,4,2026-10-08 18:30:00,FALSE,P011217,1,1,PAM,1,"TAYLOR, KAMERON",Kameron Taylor,26:52,17,4,5,3,7,0,0,0,5,5,1,0,0,1,0,1,1,19,3,VALENCIA BASKET,HAPOEL IBI TEL AVIV
34,4,2026-10-08 18:30:00,FALSE,P006643,0,1,PAM,2,"PUERTO, JOSEP",Josep Puerto,13:55,11,1,2,3,4,0,0,0,2,2,1,0,1,0,1,3,0,7,7,VALENCIA BASKET,HAPOEL IBI TEL AVIV
34,4,2026-10-08 18:30:00,FALSE,P012738,0,0,PAM,3,"REUVERS, NATHAN",Nathan Reuvers,14:42,6,1,3,1,2,1,2,0,3,3,1,0,0,0,0,2,4,8,-5,VALENCIA BASKET,HAPOEL IBI TEL AVIV
34,4,2026-10-08 18:30:00,FALSE,P014741,0,0,PAM,7,"CARDENAS, ALVARO",Alvaro Cardenas,04:29,0,0,0,0,0,0,0,0,1,1,1,0,1,0,0,0,0,1,-6,VALENCIA BASKET,HAPOEL IBI TEL AVIV
34,4,2026-10-08 18:30:00,FALSE,P010581,1,1,PAM,8,"OSETKOWSKI, DYLAN",Dylan Osetkowski,19:55,10,0,3,3,6,1,1,1,2,3,1,2,0,0,0,3,0,7,19,VALENCIA BASKET,HAPOEL IBI TEL AVIV
34,4,2026-10-08 18:30:00,FALSE,P014115,0,1,PAM,10,"MOORE, OMARI",Omari Moore,17:51,4,2,5,0,0,0,0,0,4,4,2,3,1,0,1,2,0,6,2,VALENCIA BASKET,HAPOEL IBI TEL AVIV
34,4,2026-10-08 18:30:00,FALSE,P013384,1,0,PAM,12,"BROOKS, ARMONI",Armoni Brooks,20:29,9,2,4,1,3,2,4,1,1,2,1,0,0,0,0,3,3,6,7,VALENCIA BASKET,HAPOEL IBI TEL AVIV
34,4,2026-10-08 18:30:00,FALSE,P010545,1,0,PAM,13,"SAKO, NEAL",Neal Sako,14:09,2,1,1,0,0,0,2,1,5,6,0,0,1,0,0,0,1,6,10,VALENCIA BASKET,HAPOEL IBI TEL AVIV
34,4,2026-10-08 18:30:00,FALSE,P014740,0,0,PAM,20,"CORBALAN, GONZALO",Gonzalo Corbalan,13:05,0,0,1,0,0,0,0,0,2,2,1,0,1,0,0,2,0,-1,6,VALENCIA BASKET,HAPOEL IBI TEL AVIV
34,4,2026-10-08 18:30:00,FALSE,P000796,0,0,PAM,33,"MIROTIC, NIKOLA",Nikola Mirotic,18:28,9,2,6,0,2,5,5,3,2,5,1,0,1,0,1,2,4,9,3,VALENCIA BASKET,HAPOEL IBI TEL AVIV
34,4,2026-10-08 18:30:00,FALSE,P011214,0,1,PAM,41,"RIVERO, JASIEL",Jasiel Rivero,12:46,10,4,4,0,0,2,2,2,0,2,0,0,1,0,0,3,2,10,-5,VALENCIA BASKET,HAPOEL IBI TEL AVIV
34,4,2026-10-08 18:30:00,FALSE,P015151,0,0,HTA,0,"TOPPIN, JACOB",Jacob Toppin,15:16,5,2,2,0,0,1,1,0,4,4,1,0,0,0,0,1,1,10,1,HAPOEL IBI TEL AVIV,VALENCIA BASKET
34,4,2026-10-08 18:30:00,FALSE,P015152,0,0,HTA,1,"GERMAN, EUGENE",Eugene German,03:38,0,0,0,0,2,0,0,0,0,0,0,0,0,0,0,1,0,-3,-3,HAPOEL IBI TEL AVIV,VALENCIA BASKET
34,4,2026-10-08 18:30:00,FALSE,P013402,0,1,HTA,2,"BLAKENEY, ANTONIO",Antonio Blakeney,30:18,30,3,5,8,11,0,0,1,1,2,2,0,0,0,0,1,1,29,-3,HAPOEL IBI TEL AVIV,VALENCIA BASKET
34,4,2026-10-08 18:30:00,FALSE,P009846,1,1,HTA,3,"BRYANT, ELIJAH",Elijah Bryant,31:27,12,3,6,1,4,3,4,2,7,9,3,0,0,0,0,1,7,23,-15,HAPOEL IBI TEL AVIV,VALENCIA BASKET
34,4,2026-10-08 18:30:00,FALSE,P004846,0,0,HTA,10,"TIMOR, BAR",Bar Timor,DNP,0,0,0,0,0,0,0,0,0,0,0,0,0,0,0,0,0,0,0,HAPOEL IBI TEL AVIV,VALENCIA BASKET
34,4,2026-10-08 18:30:00,FALSE,P013284,0,0,HTA,12,"WAINRIGHT, ISH",Ish Wainright,20:08,6,0,0,2,6,0,0,0,2,2,0,1,0,0,0,4,2,3,-1,HAPOEL IBI TEL AVIV,VALENCIA BASKET
34,4,2026-10-08 18:30:00,FALSE,P002939,1,1,HTA,13,"SATORANSKY, TOMAS",Tomas Satoransky,22:44,4,1,3,0,1,2,2,2,2,4,9,1,2,0,0,2,1,12,6,HAPOEL IBI TEL AVIV,VALENCIA BASKET
34,4,2026-10-08 18:30:00,FALSE,P008987,1,1,HTA,16,"LEDAY, ZACH",Zach Leday,17:28,7,3,7,0,2,1,2,4,1,5,0,0,1,0,1,3,2,2,-5,HAPOEL IBI TEL AVIV,VALENCIA BASKET
34,4,2026-10-08 18:30:00,FALSE,P011823,0,0,HTA,21,"ODIASE, TAI",Tai Odiase,13:01,8,3,5,0,0,2,4,1,2,3,0,1,1,0,0,3,2,6,2,HAPOEL IBI TEL AVIV,VALENCIA BASKET
34,4,2026-10-08 18:30:00,FALSE,P002580,1,0,HTA,22,"MICIC, VASILIJE",Vasilije Micic,19:01,4,0,1,1,5,1,2,0,0,0,3,0,2,0,0,4,2,-3,-24,HAPOEL IBI TEL AVIV,VALENCIA BASKET
34,4,2026-10-08 18:30:00,FALSE,P012788,1,0,HTA,25,"OTURU, DAN",Dan Oturu,20:34,6,3,6,0,0,0,2,3,5,8,1,0,4,3,0,2,4,11,-12,HAPOEL IBI TEL AVIV,VALENCIA BASKET
34,4,2026-10-08 18:30:00,FALSE,P012096,0,1,HTA,51,"CABOCLO, BRUNO",Bruno Caboclo,06:25,0,0,0,0,3,0,0,0,1,1,0,1,1,0,0,0,0,-2,-1,HAPOEL IBI TEL AVIV,VALENCIA BASKET
35,4,2026-10-08 18:45:00,FALSE,P015244,1,0,MAD,1,"SMITH JR, NICK",Nick Smith Jr,19:46,9,2,6,1,3,2,2,1,2,3,1,0,0,0,0,1,1,7,-2,REAL MADRID,PARTIZAN MOZZART BET BELGRADE
35,4,2026-10-08 18:45:00,FALSE,P012080,0,1,MAD,3,"LUWAWU-CABARROT, TIMOTHE",Timothe Luwawu-Cabarrot,20:04,7,2,5,1,4,0,0,1,5,6,1,1,3,0,0,2,2,6,2,REAL MADRID,PARTIZAN MOZZART BET BELGRADE
35,4,2026-10-08 18:45:00,FALSE,P010393,0,1,MAD,4,"PRADILLA, JAIME",Jaime Pradilla,18:02,8,4,6,0,2,0,0,0,4,4,1,0,2,0,0,1,0,6,14,REAL MADRID,PARTIZAN MOZZART BET BELGRADE
35,4,2026-10-08 18:45:00,FALSE,P003733,1,0,MAD,6,"ABALDE, ALBERTO",Alberto Abalde,19:56,5,0,1,1,3,2,2,2,4,6,0,1,0,0,0,2,1,8,8,REAL MADRID,PARTIZAN MOZZART BET BELGRADE
35,4,2026-10-08 18:45:00,FALSE,P005928,0,1,MAD,7,"CAMPAZZO, FACUNDO",Facundo Campazzo,19:57,12,1,2,2,4,4,4,0,0,0,3,0,2,1,0,1,3,13,10,REAL MADRID,PARTIZAN MOZZART BET BELGRADE
35,4,2026-10-08 18:45:00,FALSE,P014006,1,0,MAD,8,"OKEKE, CHUMA",Chuma Okeke,11:53,6,0,1,2,4,0,0,0,0,0,0,0,0,1,1,0,0,3,0,REAL MADRID,PARTIZAN MOZZART BET BELGRADE
35,4,2026-10-08 18:45:00,FALSE,P008384,0,0,MAD,9,"PROCIDA, GABRIELE",Gabriele Procida,DNP,0,0,0,0,0,0,0,0,0,0,0,0,0,0,0,0,0,0,0,REAL MADRID,PARTIZAN MOZZART BET BELGRADE
35,4,2026-10-08 18:45:00,FALSE,P007027,1,1,MAD,12,"MALEDON, THEO",Theo Maledon,21:44,13,3,8,0,2,7,7,0,2,2,4,0,1,0,0,4,5,12,16,REAL MADRID,PARTIZAN MOZZART BET BELGRADE
35,4,2026-10-08 18:45:00,FALSE,P012613,0,0,MAD,20,"JANTUNEN, MIKAEL",Mikael Jantunen,14:20,2,0,1,0,0,2,2,1,1,2,0,0,0,0,0,4,2,1,-7,REAL MADRID,PARTIZAN MOZZART BET BELGRADE
35,4,2026-10-08 18:45:00,FALSE,P005791,1,1,MAD,22,"TAVARES, WALTER",Walter Tavares,21:10,8,4,8,0,0,0,0,0,8,8,1,1,0,1,0,4,3,14,6,REAL MADRID,PARTIZAN MOZZART BET BELGRADE
35,4,2026-10-08 18:45:00,FALSE,P011247,0,0,MAD,24,"FELIZ, ANDRES",Andres Feliz,18:33,9,3,6,1,3,0,0,1,4,5,3,0,0,0,0,3,2,11,-4,REAL MADRID,PARTIZAN MOZZART BET BELGRADE
35,4,2026-10-08 18:45:00,FALSE,P015103,0,0,MAD,30,"JONES, DAMIAN",Damian Jones,14:35,7,2,2,1,2,0,0,2,0,2,1,1,0,0,0,3,0,7,7,REAL MADRID,PARTIZAN MOZZART BET BELGRADE
35,4,2026-10-08 18:45:00,FALSE,P011924,0,0,PAR,0,"ALLMAN, KYLE",Kyle Allman,20:08,6,1,3,1,3,1,2,0,0,0,4,0,2,0,0,2,3,4,-23,PARTIZAN MOZZART BET BELGRADE,REAL MADRID
35,4,2026-10-08 18:45:00,FALSE,P013369,1,1,PAR,1,"JONES, CARLIK",Carlik Jones,29:09,19,7,10,1,3,2,2,1,3,4,5,1,1,0,0,2,6,27,10,PARTIZAN MOZZART BET BELGRADE,REAL MADRID
35,4,2026-10-08 18:45:00,FALSE,P007947,0,1,PAR,3,"VILDOZA, LUCA",Luca Vildoza,18:21,2,1,2,0,4,0,1,0,1,1,2,0,0,0,1,1,2,-1,-12,PARTIZAN MOZZART BET BELGRADE,REAL MADRID
35,4,2026-10-08 18:45:00,FALSE,P014742,1,0,PAR,5,"THOMPSON, ETHAN",Ethan Thompson,26:33,14,4,5,1,2,3,5,1,7,8,3,1,1,1,0,4,3,21,10,PARTIZAN MOZZART BET BELGRADE,REAL MADRID
35,4,2026-10-08 18:45:00,FALSE,P007632,0,1,PAR,7,"NAKIC, MARIO",Mario Nakic,06:06,0,0,0,0,0,0,0,0,0,0,0,0,0,0,0,0,0,0,-11,PARTIZAN MOZZART BET BELGRADE,REAL MADRID
35,4,2026-10-08 18:45:00,FALSE,P005637,1,0,PAR,10,"TANASKOVIC, NIKOLA",Nikola Tanaskovic,18:41,8,4,7,0,0,0,0,2,2,4,0,1,0,0,1,1,0,8,3,PARTIZAN MOZZART BET BELGRADE,REAL MADRID
35,4,2026-10-08 18:45:00,FALSE,P010390,1,0,PAR,13,"HAYES, KEVARRIUS",Kevarrius Hayes,16:23,5,1,3,0,0,3,6,1,2,3,0,1,1,0,0,2,3,4,-10,PARTIZAN MOZZART BET BELGRADE,REAL MADRID
35,4,2026-10-08 18:45:00,FALSE,P007736,0,1,PAR,19,"LAKIC, ARIJAN",Arijan Lakic,16:40,4,1,1,0,3,2,2,1,3,4,0,0,0,0,0,1,1,5,-14,PARTIZAN MOZZART BET BELGRADE,REAL MADRID
35,4,2026-10-08 18:45:00,FALSE,P009733,0,1,PAR,23,"JEKIRI, TONYE",Tonye Jekiri,20:14,11,4,7,0,0,3,4,0,2,2,0,1,2,0,1,2,3,8,-1,PARTIZAN MOZZART BET BELGRADE,REAL MADRID
35,4,2026-10-08 18:45:00,FALSE,P006739,1,0,PAR,66,"PAJOLA, ALESSANDRO",Alessandro Pajola,19:43,5,2,4,0,3,1,3,2,5,7,5,1,2,0,0,3,3,9,-4,PARTIZAN MOZZART BET BELGRADE,REAL MADRID
35,4,2026-10-08 18:45:00,FALSE,P004194,0,0,PAR,77,"LAUVERGNE, JOFFREY",Joffrey Lauvergne,03:23,2,0,1,0,0,2,2,1,0,1,0,0,0,0,0,1,1,2,1,PARTIZAN MOZZART BET BELGRADE,REAL MADRID
35,4,2026-10-08 18:45:00,FALSE,P005793,0,0,PAR,95,"SY, BANDJA",Bandja Sy,04:39,0,0,0,0,2,0,0,0,0,0,0,0,0,0,0,0,0,-2,1,PARTIZAN MOZZART BET BELGRADE,REAL MADRID
40,4,2026-10-09 18:15:00,FALSE,P009048,1,0,OLY,0,"MILLER-MCINTYRE, CODI",Codi Miller-Mcintyre,13:25,8,4,4,0,2,0,0,0,4,4,4,1,0,0,0,0,1,16,14,OLYMPIACOS PIRAEUS,ANADOLU EFES ISTANBUL
40,4,2026-10-09 18:15:00,FALSE,P012610,1,1,OLY,3,"WARD, TYSON",Tyson Ward,19:54,9,3,6,0,1,3,4,1,2,3,1,1,1,0,0,3,2,7,32,OLYMPIACOS PIRAEUS,ANADOLU EFES ISTANBUL
40,4,2026-10-09 18:15:00,FALSE,P010042,0,1,OLY,8,"MONTERO, JEAN",Jean Montero,26:35,16,3,7,2,7,4,4,0,4,4,2,2,2,2,0,0,6,21,9,OLYMPIACOS PIRAEUS,ANADOLU EFES ISTANBUL
40,4,2026-10-09 18:15:00,FALSE,P003469,1,0,OLY,14,"VEZENKOV, SASHA",Sasha Vezenkov,21:42,9,2,5,1,3,2,2,1,2,3,0,0,1,0,0,0,1,7,17,OLYMPIACOS PIRAEUS,ANADOLU EFES ISTANBUL
40,4,2026-10-09 18:15:00,FALSE,P001255,0,0,OLY,16,"PAPANIKOLAOU, KOSTAS",Kostas Papanikolaou,15:38,8,1,2,2,3,0,1,1,3,4,1,0,1,0,1,4,1,5,-10,OLYMPIACOS PIRAEUS,ANADOLU EFES ISTANBUL
40,4,2026-10-09 18:15:00,FALSE,P009849,0,1,OLY,22,"DORSEY, TYLER",Tyler Dorsey,17:24,4,1,3,0,4,2,3,0,3,3,3,1,1,0,1,1,4,5,12,OLYMPIACOS PIRAEUS,ANADOLU EFES ISTANBUL
40,4,2026-10-09 18:15:00,FALSE,P012731,0,1,OLY,24,"NDIAYE, MBAYE",Mbaye Ndiaye,18:18,9,3,5,1,2,0,0,5,2,7,2,1,1,1,0,2,0,14,6,OLYMPIACOS PIRAEUS,ANADOLU EFES ISTANBUL
40,4,2026-10-09 18:15:00,FALSE,P003941,0,0,OLY,33,"MILUTINOV, NIKOLA",Nikola Milutinov,14:35,4,2,2,0,0,0,0,6,3,9,2,0,0,0,0,1,1,15,9,OLYMPIACOS PIRAEUS,ANADOLU EFES ISTANBUL
40,4,2026-10-09 18:15:00,FALSE,P014316,0,0,OLY,34,"JOSEPH, CORY",Cory Joseph,06:37,2,1,1,0,1,0,0,0,0,0,0,0,1,0,0,1,0,-1,1,OLYMPIACOS PIRAEUS,ANADOLU EFES ISTANBUL
40,4,2026-10-09 18:15:00,FALSE,P003048,0,1,OLY,42,"DUNSTON, BRYANT",Bryant Dunston,09:55,2,1,2,0,0,0,0,1,1,2,0,0,1,0,0,2,0,0,1,OLYMPIACOS PIRAEUS,ANADOLU EFES ISTANBUL
40,4,2026-10-09 18:15:00,FALSE,P011981,1,0,OLY,88,"JONES, TYRIQUE",Tyrique Jones,15:30,11,4,8,0,0,3,3,4,2,6,2,0,2,0,1,2,3,13,13,OLYMPIACOS PIRAEUS,ANADOLU EFES ISTANBUL
40,4,2026-10-09 18:15:00,FALSE,P013380,1,0,OLY,94,"FOURNIER, EVAN",Evan Fournier,20:27,7,0,2,2,6,1,2,0,1,1,6,1,1,0,0,2,2,7,11,OLYMPIACOS PIRAEUS,ANADOLU EFES ISTANBUL
40,4,2026-10-09 18:15:00,FALSE,P009754,1,0,IST,3,"LOYD, JORDAN",Jordan Loyd,22:44,10,1,2,2,4,2,2,0,3,3,3,0,2,0,0,2,5,14,-11,ANADOLU EFES ISTANBUL,OLYMPIACOS PIRAEUS
40,4,2026-10-09 18:15:00,FALSE,P005368,0,1,IST,4,"YUSTA, SANTI",Santi Yusta,21:05,8,2,5,1,3,1,2,1,3,4,0,1,1,0,2,4,2,2,0,ANADOLU EFES ISTANBUL,OLYMPIACOS PIRAEUS
40,4,2026-10-09 18:15:00,FALSE,P003112,1,0,IST,5,"SARIC, DARIO",Dario Saric,18:38,1,0,1,0,5,1,2,1,3,4,0,0,1,0,0,0,1,-2,-19,ANADOLU EFES ISTANBUL,OLYMPIACOS PIRAEUS
40,4,2026-10-09 18:15:00,FALSE,P013943,0,0,IST,11,"RUSSELL, DARON",Daron Russell,13:12,5,1,3,1,4,0,0,0,2,2,4,1,1,0,0,1,1,6,2,ANADOLU EFES ISTANBUL,OLYMPIACOS PIRAEUS
40,4,2026-10-09 18:15:00,FALSE,P012742,1,1,IST,15,"DOZIER, PJ",Pj Dozier,20:03,11,0,2,3,5,2,2,0,1,1,3,1,4,1,0,3,3,9,-29,ANADOLU EFES ISTANBUL,OLYMPIACOS PIRAEUS
40,4,2026-10-09 18:15:00,FALSE,P012609,0,1,IST,17,"MALCOLM, COLLIN",Collin Malcolm,16:25,6,3,5,0,1,0,0,1,2,3,2,2,2,0,1,2,0,5,-9,ANADOLU EFES ISTANBUL,OLYMPIACOS PIRAEUS
40,4,2026-10-09 18:15:00,FALSE,P013667,1,1,IST,20,"FERNANDO, BRUNO",Bruno Fernando,16:38,0,0,0,0,0,0,0,2,1,3,1,0,1,0,0,3,1,1,-33,ANADOLU EFES ISTANBUL,OLYMPIACOS PIRAEUS
40,4,2026-10-09 18:15:00,FALSE,P014213,0,1,IST,22,"PAYNE, CAMERON",Cameron Payne,14:01,12,1,2,3,5,1,2,0,2,2,3,1,2,0,0,4,1,9,-7,ANADOLU EFES ISTANBUL,OLYMPIACOS PIRAEUS
40,4,2026-10-09 18:15:00,FALSE,P012710,0,0,IST,24,"OSMANI, ERCAN",Ercan Osmani,17:50,6,1,5,1,1,1,2,0,3,3,0,2,2,0,0,0,1,5,4,ANADOLU EFES ISTANBUL,OLYMPIACOS PIRAEUS
40,4,2026-10-09 18:15:00,FALSE,P008099,1,0,IST,32,"STRAZEL, MATTHEW",Matthew Strazel,18:13,7,2,3,1,3,0,0,0,0,0,0,0,1,0,0,1,2,4,-26,ANADOLU EFES ISTANBUL,OLYMPIACOS PIRAEUS
40,4,2026-10-09 18:15:00,FALSE,P006372,0,0,IST,33,"YILMAZ, ERKAN",Erkan Yilmaz,DNP,0,0,0,0,0,0,0,0,0,0,0,0,0,0,0,0,0,0,0,ANADOLU EFES ISTANBUL,OLYMPIACOS PIRAEUS
40,4,2026-10-09 18:15:00,FALSE,P014102,0,0,IST,88,"JONES, KAI",Kai Jones,21:11,0,0,0,0,0,0,0,1,2,3,0,0,0,2,0,1,1,5,13,ANADOLU EFES ISTANBUL,OLYMPIACOS PIRAEUS
39,4,2026-10-09 18:30:00,FALSE,P009862,1,0,BAR,0,"PUNTER, KEVIN",Kevin Punter,19:51,9,4,8,0,2,1,2,0,0,0,0,0,3,0,0,2,5,2,3,FC BARCELONA,ZALGIRIS KAUNAS
39,4,2026-10-09 18:30:00,FALSE,P013855,0,0,BAR,1,"GIBSON, UMOJA",Umoja Gibson,05:23,3,0,0,1,1,0,0,0,0,0,3,0,1,0,0,1,0,4,-4,FC BARCELONA,ZALGIRIS KAUNAS
39,4,2026-10-09 18:30:00,FALSE,P015138,1,0,BAR,2,"MARTIN, TYRESE",Tyrese Martin,21:36,6,0,0,2,3,0,0,0,1,1,0,2,2,2,0,5,0,3,-7,FC BARCELONA,ZALGIRIS KAUNAS
39,4,2026-10-09 18:30:00,FALSE,P015139,0,0,BAR,3,"UMUDE, STANLEY",Stanley Umude,18:34,6,0,1,2,4,0,0,1,0,1,0,1,0,0,0,2,1,4,2,FC BARCELONA,ZALGIRIS KAUNAS
39,4,2026-10-09 18:30:00,FALSE,P014008,1,1,BAR,5,"ROBINSON, JUSTIN",Justin Robinson,22:42,20,3,5,4,8,2,2,0,1,1,2,0,1,1,0,2,6,21,-4,FC BARCELONA,ZALGIRIS KAUNAS
39,4,2026-10-09 18:30:00,FALSE,P009992,0,1,BAR,8,"BRIZUELA, DARIO",Dario Brizuela,21:25,7,2,4,1,5,0,0,0,1,1,2,0,1,1,0,1,0,3,-11,FC BARCELONA,ZALGIRIS KAUNAS
39,4,2026-10-09 18:30:00,FALSE,P015140,0,0,BAR,13,"NKAMHOUA, OLIVIER",Olivier Nkamhoua,05:38,3,1,4,0,0,1,2,1,0,1,2,0,0,0,1,1,1,1,-3,FC BARCELONA,ZALGIRIS KAUNAS
39,4,2026-10-09 18:30:00,FALSE,P010106,0,0,BAR,17,"NUNEZ, JUAN",Juan Nunez,10:52,4,2,3,0,0,0,0,2,1,3,1,0,0,0,0,1,0,6,-1,FC BARCELONA,ZALGIRIS KAUNAS
39,4,2026-10-09 18:30:00,FALSE,P015141,0,1,BAR,20,"EVBUOMWAN, TOSAN",Tosan Evbuomwan,20:44,8,4,5,0,0,0,2,0,3,3,1,1,0,0,0,0,1,11,-4,FC BARCELONA,ZALGIRIS KAUNAS
39,4,2026-10-09 18:30:00,FALSE,P007553,1,0,BAR,22,"BALCEROWSKI, OLEK",Olek Balcerowski,17:13,7,3,4,0,0,1,1,0,0,0,0,0,0,2,0,5,3,6,-6,FC BARCELONA,ZALGIRIS KAUNAS
39,4,2026-10-09 18:30:00,FALSE,P011199,0,1,BAR,32,"NEBO, JOSH",Josh Nebo,17:09,4,1,3,0,0,2,2,1,5,6,1,0,0,0,1,0,1,9,2,FC BARCELONA,ZALGIRIS KAUNAS
39,4,2026-10-09 18:30:00,FALSE,P007464,1,1,BAR,44,"PARRA, JOEL",Joel Parra,18:53,4,2,3,0,2,0,0,1,2,3,0,3,2,0,0,2,1,4,-2,FC BARCELONA,ZALGIRIS KAUNAS
39,4,2026-10-09 18:30:00,FALSE,P012720,0,0,ZAL,0,"BROWN, STERLING",Sterling Brown,13:10,2,0,0,0,3,2,3,0,3,3,1,0,4,0,0,1,1,-2,0,ZALGIRIS KAUNAS,FC BARCELONA
39,4,2026-10-09 18:30:00,FALSE,P011987,1,1,ZAL,3,"EDWARDS, CARSEN",Carsen Edwards,26:51,19,2,5,4,8,3,3,0,2,2,7,1,3,0,1,1,4,21,13,ZALGIRIS KAUNAS,FC BARCELONA
39,4,2026-10-09 18:30:00,FALSE,P013389,1,1,ZAL,7,"LEE, SABEN",Saben Lee,21:13,5,1,5,0,3,3,4,0,0,0,3,0,2,1,3,2,3,-3,2,ZALGIRIS KAUNAS,FC BARCELONA
39,4,2026-10-09 18:30:00,FALSE,P007513,0,0,ZAL,9,"GIEDRAITIS, DOVYDAS",Dovydas Giedraitis,DNP,0,0,0,0,0,0,0,0,0,0,0,0,0,0,0,0,0,0,0,ZALGIRIS KAUNAS,FC BARCELONA
39,4,2026-10-09 18:30:00,FALSE,P008192,0,0,ZAL,10,"TUBELIS, AZUOLAS",Azuolas Tubelis,21:39,8,3,5,0,0,2,3,1,2,3,2,0,0,1,0,4,3,10,8,ZALGIRIS KAUNAS,FC BARCELONA
39,4,2026-10-09 18:30:00,FALSE,P007032,0,0,ZAL,12,"LO, MAODO",Maodo Lo,10:09,4,1,2,0,0,2,2,0,0,0,0,0,0,0,0,0,1,4,-2,ZALGIRIS KAUNAS,FC BARCELONA
39,4,2026-10-09 18:30:00,FALSE,P011927,1,1,ZAL,14,"SLEVA, DUSTIN",Dustin Sleva,25:01,14,1,3,4,5,0,0,3,2,5,1,0,1,0,0,2,2,16,7,ZALGIRIS KAUNAS,FC BARCELONA
39,4,2026-10-09 18:30:00,FALSE,P000898,1,0,ZAL,17,"VALANCIUNAS, JONAS",Jonas Valanciunas,19:03,12,4,5,0,1,4,4,1,8,9,2,0,2,0,1,3,5,20,-3,ZALGIRIS KAUNAS,FC BARCELONA
39,4,2026-10-09 18:30:00,FALSE,P008186,0,0,ZAL,22,"BLAZEVIC, MAREK",Marek Blazevic,03:48,0,0,0,0,0,0,0,1,1,2,1,1,1,0,0,0,0,3,-2,ZALGIRIS KAUNAS,FC BARCELONA
39,4,2026-10-09 18:30:00,FALSE,P002328,0,1,ZAL,40,"GRIGONIS, MARIUS",Marius Grigonis,23:29,12,0,0,4,6,0,0,1,3,4,1,2,1,0,0,2,2,16,6,ZALGIRIS KAUNAS,FC BARCELONA
39,4,2026-10-09 18:30:00,FALSE,P002676,1,0,ZAL,51,"BUTKEVICIUS, ARNAS",Arnas Butkevicius,18:43,5,2,3,0,0,1,2,2,1,3,0,1,1,0,1,2,1,4,-7,ZALGIRIS KAUNAS,FC BARCELONA
39,4,2026-10-09 18:30:00,FALSE,P002329,0,1,ZAL,92,"ULANOVAS, EDGARAS",Edgaras Ulanovas,16:54,7,2,3,1,1,0,0,0,1,1,0,0,0,0,0,2,0,5,13,ZALGIRIS KAUNAS,FC BARCELONA
38,4,2026-10-09 18:30:00,FALSE,P014734,1,0,BAS,1,"LAWSON, A.J.",A.j. Lawson,19:09,10,1,2,1,2,5,6,0,0,0,2,0,3,0,0,4,3,5,-6,KOSNER BASKONIA VITORIA-GASTEIZ,BESIKTAS ISTANBUL
38,4,2026-10-09 18:30:00,FALSE,P014152,1,0,BAS,2,"SIMMONS, KOBI",Kobi Simmons,23:32,8,3,4,0,4,2,2,1,0,1,5,2,1,0,0,2,1,9,-13,KOSNER BASKONIA VITORIA-GASTEIZ,BESIKTAS ISTANBUL
38,4,2026-10-09 18:30:00,FALSE,P012700,1,1,BAS,3,"STEWART, DJ",Dj Stewart,20:46,7,2,4,0,1,3,4,1,1,2,1,3,2,0,0,2,3,8,-2,KOSNER BASKONIA VITORIA-GASTEIZ,BESIKTAS ISTANBUL
38,4,2026-10-09 18:30:00,FALSE,P014735,0,1,BAS,5,"DUARTE, CHRIS",Chris Duarte,26:15,23,1,3,2,4,15,15,1,4,5,1,2,1,1,0,3,7,31,-3,KOSNER BASKONIA VITORIA-GASTEIZ,BESIKTAS ISTANBUL
38,4,2026-10-09 18:30:00,FALSE,P014107,0,0,BAS,6,"JOKSIMOVIC, STEFAN",Stefan Joksimovic,11:23,6,2,4,0,1,2,4,1,1,2,0,0,0,0,0,1,2,4,5,KOSNER BASKONIA VITORIA-GASTEIZ,BESIKTAS ISTANBUL
38,4,2026-10-09 18:30:00,FALSE,P005713,0,1,BAS,7,"KURUCS, RODIONS",Rodions Kurucs,21:38,5,2,3,0,2,1,4,0,3,3,5,0,0,0,0,3,3,7,-6,KOSNER BASKONIA VITORIA-GASTEIZ,BESIKTAS ISTANBUL
38,4,2026-10-09 18:30:00,FALSE,P007230,1,0,BAS,8,"SEDEKERSKIS, TADAS",Tadas Sedekerskis,10:03,2,1,2,0,1,0,0,1,2,3,0,0,1,0,0,1,0,1,-7,KOSNER BASKONIA VITORIA-GASTEIZ,BESIKTAS ISTANBUL
38,4,2026-10-09 18:30:00,FALSE,P008173,0,0,BAS,10,"SPAGNOLO, MATTEO",Matteo Spagnolo,04:31,0,0,0,0,0,0,0,0,0,0,0,0,0,0,0,1,0,-1,-3,KOSNER BASKONIA VITORIA-GASTEIZ,BESIKTAS ISTANBUL
38,4,2026-10-09 18:30:00,FALSE,P014736,0,1,BAS,12,"BAUGH, DAMION",Damion Baugh,22:43,9,4,5,0,3,1,1,0,3,3,4,0,0,0,1,1,1,11,3,KOSNER BASKONIA VITORIA-GASTEIZ,BESIKTAS ISTANBUL
38,4,2026-10-09 18:30:00,FALSE,P013289,0,0,BAS,21,"SANTOS, MARCIO",Marcio Santos,12:51,4,2,3,0,1,0,0,0,0,0,0,0,0,0,0,3,2,1,-13,KOSNER BASKONIA VITORIA-GASTEIZ,BESIKTAS ISTANBUL
38,4,2026-10-09 18:30:00,FALSE,P014026,0,0,BAS,25,"FRISCH, CLEMENT",Clement Frisch,DNP,0,0,0,0,0,0,0,0,0,0,0,0,0,0,0,0,0,0,0,KOSNER BASKONIA VITORIA-GASTEIZ,BESIKTAS ISTANBUL
38,4,2026-10-09 18:30:00,FALSE,P011284,1,1,BAS,35,"FARIED, KENNETH",Kenneth Faried,27:09,10,3,8,0,0,4,6,2,8,10,2,2,3,2,1,1,7,21,5,KOSNER BASKONIA VITORIA-GASTEIZ,BESIKTAS ISTANBUL
38,4,2026-10-09 18:30:00,FALSE,P013285,1,0,BES,1,"DOTSON, DEVON",Devon Dotson,23:53,14,3,6,2,2,2,3,1,4,5,6,1,2,0,0,5,5,20,11,BESIKTAS ISTANBUL,KOSNER BASKONIA VITORIA-GASTEIZ
38,4,2026-10-09 18:30:00,FALSE,P013250,0,0,BES,5,"DEJULIUS, DAVID",David Dejulius,14:46,4,1,3,0,0,2,2,1,1,2,1,0,1,0,1,2,2,3,-4,BESIKTAS ISTANBUL,KOSNER BASKONIA VITORIA-GASTEIZ
38,4,2026-10-09 18:30:00,FALSE,P003783,0,0,BES,6,"UGURLU, BERK",Berk Ugurlu,DNP,0,0,0,0,0,0,0,0,0,0,0,0,0,0,0,0,0,0,0,BESIKTAS ISTANBUL,KOSNER BASKONIA VITORIA-GASTEIZ
38,4,2026-10-09 18:30:00,FALSE,P009680,0,1,BES,9,"MORGAN, CONOR",Conor Morgan,15:05,3,1,1,0,4,1,2,0,1,1,1,0,1,0,0,2,2,-1,-5,BESIKTAS ISTANBUL,KOSNER BASKONIA VITORIA-GASTEIZ
38,4,2026-10-09 18:30:00,FALSE,P003091,0,0,BES,11,"BIRSEN, METECAN",Metecan Birsen,11:35,2,1,2,0,2,0,0,1,1,2,0,0,1,0,0,4,0,-4,0,BESIKTAS ISTANBUL,KOSNER BASKONIA VITORIA-GASTEIZ
38,4,2026-10-09 18:30:00,FALSE,P006661,0,1,BES,12,"WILBEKIN, SCOTTIE",Scottie Wilbekin,26:25,24,2,3,6,13,2,2,0,1,1,2,0,2,0,1,1,2,17,3,BESIKTAS ISTANBUL,KOSNER BASKONIA VITORIA-GASTEIZ
38,4,2026-10-09 18:30:00,FALSE,P014207,1,1,BES,20,"OMORUYI, EUGENE",Eugene Omoruyi,19:22,2,1,2,0,2,0,0,2,3,5,3,1,2,0,0,1,2,7,16,BESIKTAS ISTANBUL,KOSNER BASKONIA VITORIA-GASTEIZ
38,4,2026-10-09 18:30:00,FALSE,P009025,1,1,BES,21,"BROWN, ANTHONY",Anthony Brown,19:58,9,0,0,2,2,3,3,1,1,2,0,3,1,0,0,3,4,14,4,BESIKTAS ISTANBUL,KOSNER BASKONIA VITORIA-GASTEIZ
38,4,2026-10-09 18:30:00,FALSE,P014786,1,1,BES,24,"NOWELL, JAYLEN",Jaylen Nowell,26:00,12,4,9,1,1,1,1,0,5,5,2,0,2,0,0,3,3,12,13,BESIKTAS ISTANBUL,KOSNER BASKONIA VITORIA-GASTEIZ
38,4,2026-10-09 18:30:00,FALSE,P005763,0,0,BES,30,"KORKMAZ, FURKAN",Furkan Korkmaz,09:30,2,0,0,0,1,2,2,0,2,2,1,0,1,0,0,1,1,3,-3,BESIKTAS ISTANBUL,KOSNER BASKONIA VITORIA-GASTEIZ
38,4,2026-10-09 18:30:00,FALSE,P013383,1,0,BES,32,"GABRIEL, WENYEN",Wenyen Gabriel,17:41,14,7,9,0,0,0,0,2,1,3,1,1,1,1,1,5,0,11,9,BESIKTAS ISTANBUL,KOSNER BASKONIA VITORIA-GASTEIZ
38,4,2026-10-09 18:30:00,FALSE,P004554,0,0,BES,41,"ZIZIC, ANTE",Ante Zizic,15:45,6,2,2,0,0,2,2,2,3,5,0,0,0,1,0,0,1,13,-4,BESIKTAS ISTANBUL,KOSNER BASKONIA VITORIA-GASTEIZ
